Origin State,Origin County,Destination CTFIPS,Destination State,Destination County,Year,Movements,25th Percentile (minutes),50th Percentile (minutes),75th Percentile (minutes)
TX,Houston,51015,VA,Augusta,"2,023",<1K,"1,755","2,372.25","3,155.58"
TX,Houston,51023,VA,Botetourt,"2,023",<1K,"1,695","2,100.58","2,921.18"
TX,Houston,51069,VA,Frederick,"2,023",<1K,"1,845","2,460","3,555.32"
TX,Houston,51121,VA,Montgomery,"2,023",<1K,"1,661.37","2,061.50","2,885.43"
TX,Houston,51155,VA,Pulaski,"2,023",<1K,"1,641.23","2,046.48","2,916.40"
TX,Houston,51161,VA,Roanoke,"2,023",<1K,"1,683.70","2,277.13","3,260.15"
TX,Houston,51163,VA,Rockbridge,"2,023",<1K,"1,722.50","2,124.60","2,950.20"
TX,Houston,51165,VA,Rockingham,"2,023",<1K,"1,785","2,395.62","3,180"
TX,Houston,51171,VA,Shenandoah,"2,023",<1K,"1,800","2,400","3,104.68"
TX,Houston,51173,VA,Smyth,"2,023",<1K,"1,575","1,935.02","2,870.37"
TX,Houston,51187,VA,Warren,"2,023",<1K,"2,553.23","3,315","4,002.37"
TX,Houston,51191,VA,Washington,"2,023",<1K,"1,542.03","1,907.30","2,850.13"
TX,Houston,51197,VA,Wythe,"2,023",<1K,"1,605","2,290.23","3,632.63"
TX,Houston,51520,VA,Bristol,"2,023",<1K,"1,583.53","2,338.85","3,767.65"
TX,Houston,51660,VA,Harrisonburg,"2,023",<1K,"1,811.03","2,526.58","3,780"
TX,Houston,51775,VA,Salem,"2,023",<1K,"1,755","2,580","3,862.30"
TX,Houston,54003,WV,Berkeley,"2,023",<1K,"1,855.33","2,436.03","3,017.30"
TX,Houston,1003,AL,Baldwin,"2,023",<1K,"1,282.57","1,590","2,850.08"
TX,Houston,1009,AL,Blount,"2,023",<1K,"1,473.83","2,440.08","4,246.65"
TX,Houston,1013,AL,Butler,"2,023",<1K,"1,516.47","2,470.02","4,481.77"
TX,Houston,1015,AL,Calhoun,"2,023",<1K,"1,378.32","1,760.92","3,082"
TX,Houston,1017,AL,Chambers,"2,023",<1K,"1,699.90","2,619.12","4,470.72"
TX,Houston,1029,AL,Cleburne,"2,023",<1K,"1,393.75","1,776.03","3,015.18"
TX,Houston,1035,AL,Conecuh,"2,023",<1K,"1,487.98","2,274.38","4,458.62"
TX,Houston,1043,AL,Cullman,"2,023",<1K,"1,545","2,582.25","4,349.32"
TX,Houston,1049,AL,DeKalb,"2,023",<1K,"1,245","1,370.43","2,047.65"
TX,Houston,1053,AL,Escambia,"2,023",<1K,"1,453.87","2,189.75","4,365.20"
TX,Houston,1055,AL,Etowah,"2,023",<1K,669.97,"1,349.98","2,486.13"
TX,Houston,1063,AL,Greene,"2,023",<1K,"1,046.17","1,200.18","1,667.40"
TX,Houston,1073,AL,Jefferson,"2,023",1K-10K,"1,170","1,381.40","2,395.82"
TX,Houston,1081,AL,Lee,"2,023",<1K,"1,608.12","2,520.07","4,414.97"
TX,Houston,1083,AL,Limestone,"2,023",<1K,"1,931.58","2,745.02","4,388.33"
TX,Houston,1085,AL,Lowndes,"2,023",<1K,"1,509","2,389.50","4,389.13"
TX,Houston,1087,AL,Macon,"2,023",<1K,"1,544.98","2,346.55","4,344.13"
TX,Houston,1093,AL,Marion,"2,023",<1K,"1,493.05","2,472.42","4,080.45"
TX,Houston,1097,AL,Mobile,"2,023",<1K,"1,202.70","1,515.88","2,738.35"
TX,Houston,1101,AL,Montgomery,"2,023",<1K,"1,557.23","2,542.08","4,387.02"
TX,Houston,1103,AL,Morgan,"2,023",<1K,"1,616.83","2,680.15","4,238.15"
TX,Houston,1115,AL,St. Clair,"2,023",<1K,"1,227.27","1,501.12","2,585.30"
TX,Houston,1117,AL,Shelby,"2,023",<1K,"1,195.93","1,324.40","2,599.25"
TX,Houston,1119,AL,Sumter,"2,023",1K-10K,"1,011.20","1,190.92","1,687.48"
TX,Houston,1121,AL,Talladega,"2,023",<1K,"1,247.62","1,503.57","2,558.37"
TX,Houston,1125,AL,Tuscaloosa,"2,023",<1K,"1,096.33","1,261.50","1,746.68"
TX,Houston,1127,AL,Walker,"2,023",<1K,"1,693.28","2,598.32","4,200.55"
TX,Houston,4003,AZ,Cochise,"2,023",<1K,"1,869.37","2,475.10","3,309.33"
TX,Houston,5003,AR,Ashley,"2,023",<1K,559.42,"1,155.40","1,623.27"
TX,Houston,5007,AR,Benton,"2,023",<1K,"1,275.15","1,623.08","3,042"
TX,Houston,5013,AR,Calhoun,"2,023",<1K,891.87,"1,275.93","1,770"
TX,Houston,5017,AR,Chicot,"2,023",<1K,861.95,"1,455.15","2,844.05"
TX,Houston,5019,AR,Clark,"2,023",1K-10K,296.17,866.8,"1,345.08"
TX,Houston,5021,AR,Clay,"2,023",<1K,"1,095","1,206.30","1,603.37"
TX,Houston,5025,AR,Cleveland,"2,023",<1K,"1,052.60","1,303.77","2,065.45"
TX,Houston,5027,AR,Columbia,"2,023",<1K,214.08,253.3,851.63
TX,Houston,5029,AR,Conway,"2,023",<1K,"1,425.10","2,496.55","3,470.75"
TX,Houston,5031,AR,Craighead,"2,023",<1K,"1,031.77","1,171.68","1,693.28"
TX,Houston,5033,AR,Crawford,"2,023",<1K,"1,256.10","1,702.47","3,318.37"
TX,Houston,5035,AR,Crittenden,"2,023",1K-10K,"1,085.75","1,337.98","2,424.18"
TX,Houston,5039,AR,Dallas,"2,023",<1K,"1,025.70","1,286.50","1,881.65"
TX,Houston,5043,AR,Drew,"2,023",<1K,"1,098.88","1,531.03","2,802.77"
TX,Houston,5045,AR,Faulkner,"2,023",<1K,"1,298.62","1,945.32","3,472.87"
TX,Houston,5047,AR,Franklin,"2,023",<1K,"1,448.10","2,390.92","3,407.10"
TX,Houston,5053,AR,Grant,"2,023",<1K,404.93,"1,154.75","1,713.65"
TX,Houston,5057,AR,Hempstead,"2,023",1K-10K,249.73,596.67,"1,293.47"
TX,Houston,5059,AR,Hot Spring,"2,023",1K-10K,327.98,928.47,"1,398.13"
TX,Houston,5067,AR,Jackson,"2,023",<1K,958.32,"1,128.98","1,593.80"
TX,Houston,5069,AR,Jefferson,"2,023",<1K,"1,099.58","1,526.92","2,832.77"
TX,Houston,5071,AR,Johnson,"2,023",<1K,"1,422.82","2,375.83","3,417.35"
TX,Houston,5073,AR,Lafayette,"2,023",<1K,313.07,917.98,"1,264.30"
TX,Houston,5075,AR,Lawrence,"2,023",<1K,"1,044.48","1,169.65","1,643.68"
TX,Houston,5081,AR,Little River,"2,023",<1K,397.07,"1,142.37","2,505.08"
TX,Houston,5085,AR,Lonoke,"2,023",1K-10K,486.18,"1,091.22","1,689.40"
TX,Houston,5091,AR,Miller,"2,023",1K-10K,183.53,266.2,"1,084.80"
TX,Houston,5093,AR,Mississippi,"2,023",<1K,"1,132.93","1,342","2,145"
TX,Houston,5095,AR,Monroe,"2,023",1K-10K,918.37,"1,190.72","2,000.73"
TX,Houston,5099,AR,Nevada,"2,023",1K-10K,273.3,674.3,"1,315.40"
TX,Houston,5115,AR,Pope,"2,023",<1K,"1,418.57","2,360.80","3,437.42"
TX,Houston,5117,AR,Prairie,"2,023",1K-10K,617.85,"1,155","1,923.43"
TX,Houston,5119,AR,Pulaski,"2,023",1K-10K,419.35,"1,044.78","1,578.57"
TX,Houston,5121,AR,Randolph,"2,023",<1K,"1,060.85","1,185","1,623.83"
TX,Houston,5123,AR,St. Francis,"2,023",1K-10K,990.12,"1,216.07","2,049.88"
TX,Houston,5125,AR,Saline,"2,023",1K-10K,369.2,977.7,"1,438.03"
TX,Houston,5131,AR,Sebastian,"2,023",<1K,"1,033.08","1,443.70","3,007.13"
TX,Houston,5133,AR,Sevier,"2,023",<1K,354.27,"1,167.38","2,436.92"
TX,Houston,5139,AR,Union,"2,023",<1K,412.88,988.85,"1,495.07"
TX,Houston,5143,AR,Washington,"2,023",<1K,"1,233.67","1,558.22","2,880.48"
TX,Houston,5145,AR,White,"2,023",<1K,448.63,"1,080","1,635.22"
TX,Houston,8001,CO,Adams,"2,023",<1K,"1,452.55","2,167.45","3,296.80"
TX,Houston,8005,CO,Arapahoe,"2,023",<1K,"1,427.48","2,107.88","2,895.18"
TX,Houston,8014,CO,Broomfield,"2,023",<1K,"1,429.13","1,737.60","2,585.57"
TX,Houston,8031,CO,Denver,"2,023",<1K,"1,450.85","2,178.92","3,062.08"
TX,Houston,8039,CO,Elbert,"2,023",<1K,"1,377.03","1,954.62","2,870.17"
TX,Houston,8069,CO,Larimer,"2,023",<1K,"1,467.82","1,916.10","2,939.65"
TX,Houston,8073,CO,Lincoln,"2,023",<1K,"1,338.02","1,800.05","2,864"
TX,Houston,8099,CO,Prowers,"2,023",<1K,"1,445.15","2,104.58","3,265.20"
TX,Houston,8123,CO,Weld,"2,023",<1K,"1,471.85","2,168.40","3,084.12"
TX,Houston,12001,FL,Alachua,"2,023",<1K,"1,744.12","2,594.78","4,463.45"
TX,Houston,12023,FL,Columbia,"2,023",<1K,"1,650","2,414.98","3,815.28"
TX,Houston,12033,FL,Escambia,"2,023",<1K,"1,281.03","1,536.63","2,490.73"
TX,Houston,12039,FL,Gadsden,"2,023",<1K,"1,426.98","1,717.83","2,773.40"
TX,Houston,12059,FL,Holmes,"2,023",<1K,"1,386.03","1,646.48","2,604.60"
TX,Houston,12063,FL,Jackson,"2,023",<1K,"1,402.95","1,674.50","2,611.18"
TX,Houston,12065,FL,Jefferson,"2,023",<1K,"1,479.60","1,768.45","2,764.30"
TX,Houston,12073,FL,Leon,"2,023",<1K,"1,455.07","1,748.43","2,791.33"
TX,Houston,12079,FL,Madison,"2,023",<1K,"1,498.77","1,787.52","2,837.43"
TX,Houston,12083,FL,Marion,"2,023",<1K,"1,774.13","2,618.73","4,466"
TX,Houston,12091,FL,Okaloosa,"2,023",<1K,"1,322.83","1,578.73","2,490.18"
TX,Houston,12113,FL,Santa Rosa,"2,023",<1K,"1,285.90","1,512.47","2,457.17"
TX,Houston,12119,FL,Sumter,"2,023",<1K,"1,913.43","2,701.18","4,500"
TX,Houston,12121,FL,Suwannee,"2,023",<1K,"1,598.63","2,296.40","3,653.80"
TX,Houston,12131,FL,Walton,"2,023",<1K,"1,348.77","1,619.82","2,533.90"
TX,Houston,12133,FL,Washington,"2,023",<1K,"1,380.53","1,695.12","2,692.62"
TX,Houston,13011,GA,Banks,"2,023",<1K,"1,635.58","2,407.28","4,076.60"
TX,Houston,13013,GA,Barrow,"2,023",<1K,"1,611.23","2,442.18","3,890.32"
TX,Houston,13015,GA,Bartow,"2,023",<1K,"2,476.93","3,573.85","7,184.65"
TX,Houston,13045,GA,Carroll,"2,023",<1K,"1,441.75","2,098","3,150.03"
TX,Houston,13063,GA,Clayton,"2,023",<1K,"1,741.72","2,545.48","4,513.85"
TX,Houston,13067,GA,Cobb,"2,023",<1K,"1,560","2,483.65","4,221.23"
TX,Houston,13073,GA,Columbia,"2,023",<1K,"1,828.67","2,498.52","4,026.18"
TX,Houston,13077,GA,Coweta,"2,023",<1K,"1,801.55","2,707.93","4,727.73"
TX,Houston,13083,GA,Dade,"2,023",<1K,"1,286.47","1,512.52","2,857.02"
TX,Houston,13089,GA,DeKalb,"2,023",<1K,"1,588","2,354.08","3,797.43"
TX,Houston,13097,GA,Douglas,"2,023",<1K,"1,486.80","2,184.13","3,193.30"
TX,Houston,13119,GA,Franklin,"2,023",<1K,"1,646.77","2,424.65","4,103.85"
TX,Houston,13121,GA,Fulton,"2,023",<1K,"1,607.13","2,415","4,227.23"
TX,Houston,13133,GA,Greene,"2,023",<1K,"1,697.65","2,394.32","3,420.17"
TX,Houston,13135,GA,Gwinnett,"2,023",<1K,"1,565.43","2,461.33","4,078.80"
TX,Houston,13143,GA,Haralson,"2,023",<1K,"1,407.38","1,833.25","3,056"
TX,Houston,13145,GA,Harris,"2,023",<1K,"1,669.30","2,591.57","4,759.20"
TX,Houston,13147,GA,Hart,"2,023",<1K,"1,719.27","2,446.68","4,101.95"
TX,Houston,13157,GA,Jackson,"2,023",<1K,"1,597.97","2,400.13","4,107.82"
TX,Houston,13189,GA,McDuffie,"2,023",<1K,"1,770.48","2,436.02","3,502.90"
TX,Houston,13199,GA,Meriwether,"2,023",<1K,"1,757.18","2,655.92","4,691.62"
TX,Houston,13211,GA,Morgan,"2,023",<1K,"1,675.63","2,374.27","3,117.87"
TX,Houston,13217,GA,Newton,"2,023",<1K,"1,665.53","2,401.17","3,840"
TX,Houston,13245,GA,Richmond,"2,023",<1K,"1,885.10","2,517.62","3,528.53"
TX,Houston,13247,GA,Rockdale,"2,023",<1K,"1,651.63","2,393.10","3,875.65"
TX,Houston,13265,GA,Taliaferro,"2,023",<1K,"1,753.05","2,458.37","3,473.22"
TX,Houston,13285,GA,Troup,"2,023",<1K,"1,708.03","2,700","4,763.50"
TX,Houston,13297,GA,Walton,"2,023",<1K,"1,687.92","2,446.28","3,909.83"
TX,Houston,13301,GA,Warren,"2,023",<1K,"1,762.05","2,458.58","3,502.57"
TX,Houston,17003,IL,Alexander,"2,023",<1K,"1,278.02","1,438.97","2,382.23"
TX,Houston,17019,IL,Champaign,"2,023",<1K,"1,617.47","2,328.73","3,955.07"
TX,Houston,17023,IL,Clark,"2,023",<1K,"1,530","2,291.77","3,492.25"
TX,Houston,17025,IL,Clay,"2,023",<1K,"1,472.37","2,013.20","3,724.58"
TX,Houston,17029,IL,Coles,"2,023",<1K,"1,516.60","2,129.17","3,265.55"
TX,Houston,17031,IL,Cook,"2,023",<1K,"2,307.12","3,029.73","5,548.33"
TX,Houston,17035,IL,Cumberland,"2,023",<1K,"1,507.98","2,135.63","3,320.10"
TX,Houston,17041,IL,Douglas,"2,023",<1K,"1,537.58","2,165","3,615"
TX,Houston,17049,IL,Effingham,"2,023",<1K,"1,465.12","1,930.10","3,189.58"
TX,Houston,17051,IL,Fayette,"2,023",<1K,"1,457.20","1,880.73","3,163.57"
TX,Houston,17053,IL,Ford,"2,023",<1K,"1,620.15","2,285","3,149.98"
TX,Houston,17055,IL,Franklin,"2,023",<1K,"1,353.43","1,566.98","2,827.25"
TX,Houston,17063,IL,Grundy,"2,023",<1K,"2,610.12","3,296.68","5,336.38"
TX,Houston,17075,IL,Iroquois,"2,023",<1K,"1,627.98","2,276.33","3,090.08"
TX,Houston,17081,IL,Jefferson,"2,023",<1K,"1,378.73","1,631.75","2,930.53"
TX,Houston,17087,IL,Johnson,"2,023",<1K,"1,327.78","1,506.83","2,771.05"
TX,Houston,17091,IL,Kankakee,"2,023",<1K,"1,679.67","2,351.63","3,130.08"
TX,Houston,17099,IL,LaSalle,"2,023",<1K,"2,597.67","3,401.27","5,925.25"
TX,Houston,17107,IL,Logan,"2,023",<1K,"1,612.88","2,621.20","3,831.73"
TX,Houston,17113,IL,McLean,"2,023",<1K,"1,989.28","2,817.93","4,399.80"
TX,Houston,17117,IL,Macoupin,"2,023",<1K,"1,455","2,428.08","3,258.75"
TX,Houston,17119,IL,Madison,"2,023",<1K,"1,624.12","2,574.90","4,019.90"
TX,Houston,17121,IL,Marion,"2,023",<1K,"1,409.78","1,645","2,823.80"
TX,Houston,17133,IL,Monroe,"2,023",<1K,"1,419.67","1,794.97","2,859.03"
TX,Houston,17135,IL,Montgomery,"2,023",<1K,"1,476.30","2,196.32","3,090.43"
TX,Houston,17153,IL,Pulaski,"2,023",<1K,"1,283.17","1,449.05","2,386.62"
TX,Houston,17163,IL,St. Clair,"2,023",<1K,"1,612.22","2,595.08","4,083.92"
TX,Houston,17167,IL,Sangamon,"2,023",<1K,"1,536.15","2,591.20","3,673.48"
TX,Houston,17173,IL,Shelby,"2,023",<1K,"1,507.57","2,135","3,256.07"
TX,Houston,17181,IL,Union,"2,023",<1K,"1,303.57","1,464.97","2,475.37"
TX,Houston,17197,IL,Will,"2,023",<1K,"2,079","2,658.07","4,372.32"
TX,Houston,17199,IL,Williamson,"2,023",<1K,"1,334.77","1,534.80","2,754.60"
TX,Houston,18003,IN,Allen,"2,023",<1K,"2,233.93","2,670.10","3,664.58"
TX,Houston,18019,IN,Clark,"2,023",<1K,"2,351.58","3,003.40","5,634.58"
TX,Houston,18021,IN,Clay,"2,023",<1K,"1,608.75","2,410","3,651.67"
TX,Houston,18035,IN,Delaware,"2,023",<1K,"1,755.08","2,513.63","3,540.02"
TX,Houston,18053,IN,Grant,"2,023",<1K,"1,857.40","2,548.15","3,531.78"
TX,Houston,18057,IN,Hamilton,"2,023",<1K,"1,739.62","2,529.88","3,777.32"
TX,Houston,18059,IN,Hancock,"2,023",<1K,"2,412.67","3,398.78","4,500.18"
TX,Houston,18063,IN,Hendricks,"2,023",<1K,"1,706.27","2,504.52","3,821.07"
TX,Houston,18065,IN,Henry,"2,023",<1K,"2,429.68","3,450","4,543.62"
TX,Houston,18069,IN,Huntington,"2,023",<1K,"1,843.20","2,580","3,550.80"
TX,Houston,18089,IN,Lake,"2,023",<1K,"2,326.37","3,339.88","5,925"
TX,Houston,18091,IN,LaPorte,"2,023",<1K,"2,358.78","3,267.35","5,955"
TX,Houston,18095,IN,Madison,"2,023",<1K,"1,718.67","2,468.12","3,590.03"
TX,Houston,18097,IN,Marion,"2,023",<1K,"1,912.92","2,692.48","4,029.90"
TX,Houston,18109,IN,Morgan,"2,023",<1K,"1,651.93","2,453.90","3,672.42"
TX,Houston,18127,IN,Porter,"2,023",<1K,"2,348.42","3,210.08","5,880.88"
TX,Houston,18133,IN,Putnam,"2,023",<1K,"1,643.97","2,445.95","3,683.43"
TX,Houston,18167,IN,Vigo,"2,023",<1K,"1,579.25","2,360.48","3,558.18"
TX,Houston,18177,IN,Wayne,"2,023",<1K,"2,518.43","3,524.05","5,517.75"
TX,Houston,18179,IN,Wells,"2,023",<1K,"1,850","2,537.45","3,273.78"
TX,Houston,19039,IA,Clarke,"2,023",<1K,"1,609.03","2,289.33","3,045.90"
TX,Houston,19053,IA,Decatur,"2,023",<1K,"1,559.37","2,205.02","2,983.47"
TX,Houston,19071,IA,Fremont,"2,023",<1K,"1,532.15","1,919.32","2,895.83"
TX,Houston,19129,IA,Mills,"2,023",<1K,"1,551.13","1,938.53","2,861.07"
TX,Houston,19153,IA,Polk,"2,023",<1K,"1,874.98","2,791.58","4,480"
TX,Houston,19155,IA,Pottawattamie,"2,023",<1K,"1,749.43","2,686.80","3,938.33"
TX,Houston,19181,IA,Warren,"2,023",<1K,"1,644.23","2,550","3,720.07"
TX,Houston,20015,KS,Butler,"2,023",<1K,"1,380.07","2,254.75","3,912"
TX,Houston,20017,KS,Chase,"2,023",<1K,"1,445.38","2,298.35","3,951.80"
TX,Houston,20029,KS,Cloud,"2,023",<1K,"1,335.08","1,560.08","2,685.10"
TX,Houston,20031,KS,Coffey,"2,023",<1K,"1,345.67","1,725","3,497.67"
TX,Houston,20053,KS,Ellsworth,"2,023",<1K,"1,029.70","1,379.48","2,934.37"
TX,Houston,20079,KS,Harvey,"2,023",<1K,971.42,"1,349.43","2,423.88"
TX,Houston,20091,KS,Johnson,"2,023",<1K,"1,482","2,425","3,812.93"
TX,Houston,20111,KS,Lyon,"2,023",<1K,"1,484.98","2,358.27","3,976.07"
TX,Houston,20113,KS,McPherson,"2,023",<1K,"1,008.20","1,357.63","2,197.57"
TX,Houston,20121,KS,Miami,"2,023",<1K,"1,416.40","2,090","3,068.28"
TX,Houston,20125,KS,Montgomery,"2,023",<1K,"1,183.38","1,456.30","2,673.07"
TX,Houston,20139,KS,Osage,"2,023",<1K,"1,386.23","1,950","3,098.92"
TX,Houston,20143,KS,Ottawa,"2,023",<1K,"1,320","1,523.57","2,370.07"
TX,Houston,20157,KS,Republic,"2,023",<1K,"1,350.10","1,589.68","2,656.40"
TX,Houston,20169,KS,Saline,"2,023",<1K,"1,078.32","1,431.47","2,687.62"
TX,Houston,20173,KS,Sedgwick,"2,023",<1K,"1,170","1,456.75","2,760.15"
TX,Houston,20177,KS,Shawnee,"2,023",<1K,"1,390.68","1,874.67","3,591.37"
TX,Houston,20191,KS,Sumner,"2,023",<1K,"1,129.92","1,407.50","2,620.07"
TX,Houston,20209,KS,Wyandotte,"2,023",<1K,"1,677.82","2,672.28","4,237.95"
TX,Houston,21009,KY,Barren,"2,023",<1K,"1,564.20","2,087.32","3,482.33"
TX,Houston,21015,KY,Boone,"2,023",<1K,"2,085.08","2,659.65","4,485"
TX,Houston,21029,KY,Bullitt,"2,023",<1K,"1,728.07","2,325.10","3,543.63"
TX,Houston,21033,KY,Caldwell,"2,023",<1K,"1,442.85","2,319.68","3,767.73"
TX,Houston,21041,KY,Carroll,"2,023",<1K,"1,950.10","2,508.28","3,262.43"
TX,Houston,21061,KY,Edmonson,"2,023",<1K,"1,601.30","2,167.20","3,694.45"
TX,Houston,21067,KY,Fayette,"2,023",<1K,"1,970.68","3,434.50","7,229.70"
TX,Houston,21075,KY,Fulton,"2,023",<1K,"1,318.35","1,494.17","2,391.72"
TX,Houston,21077,KY,Gallatin,"2,023",<1K,"1,960.63","2,501.57","3,231.43"
TX,Houston,21083,KY,Graves,"2,023",<1K,"1,326.35","1,539.75","2,520.08"
TX,Houston,21093,KY,Hardin,"2,023",<1K,"1,585.27","2,200.15","3,127.27"
TX,Houston,21099,KY,Hart,"2,023",<1K,"1,590.08","2,195.10","3,645"
TX,Houston,21103,KY,Henry,"2,023",<1K,"1,865.07","2,439.50","3,374.67"
TX,Houston,21105,KY,Hickman,"2,023",<1K,"1,318.05","1,481.80","2,251.20"
TX,Houston,21107,KY,Hopkins,"2,023",<1K,"1,418.60","1,692.58","2,861.43"
TX,Houston,21111,KY,Jefferson,"2,023",<1K,"1,867.72","2,457.25","3,727.52"
TX,Houston,21117,KY,Kenton,"2,023",<1K,"2,189.98","2,741.82","4,500"
TX,Houston,21123,KY,Larue,"2,023",<1K,"1,665","2,338.92","3,511.35"
TX,Houston,21139,KY,Livingston,"2,023",<1K,"1,405.82","2,294.80","3,602.08"
TX,Houston,21143,KY,Lyon,"2,023",<1K,"1,425.08","2,443.25","3,868.82"
TX,Houston,21157,KY,Marshall,"2,023",<1K,"1,392.40","2,103.75","3,959.37"
TX,Houston,21185,KY,Oldham,"2,023",<1K,"1,830.62","2,374.02","3,217.87"
TX,Houston,21213,KY,Simpson,"2,023",<1K,"1,502.18","1,940.27","3,550.37"
TX,Houston,21227,KY,Warren,"2,023",<1K,"1,528.57","2,108.05","3,630.30"
TX,Houston,22001,LA,Acadia,"2,023",1K-10K,282.55,867.87,"1,512"
TX,Houston,22003,LA,Allen,"2,023",<1K,231.37,548.77,"1,462.78"
TX,Houston,22005,LA,Ascension,"2,023",<1K,698.23,"1,170","2,505.02"
TX,Houston,22009,LA,Avoyelles,"2,023",<1K,930.62,"1,256.17","1,890"
TX,Houston,22011,LA,Beauregard,"2,023",1K-10K,118.07,124.65,139.7
TX,Houston,22013,LA,Bienville,"2,023",1K-10K,198.93,449.17,"1,115.17"
TX,Houston,22015,LA,Bossier,"2,023",1K-10K,148.98,210,877.95
TX,Houston,22017,LA,Caddo,"2,023",1K-10K,112.77,171.33,935.47
TX,Houston,22019,LA,Calcasieu,"2,023",1K-10K,176.97,622.22,"1,445"
TX,Houston,22021,LA,Caldwell,"2,023",<1K,901.85,"1,275.83","1,897.95"
TX,Houston,22025,LA,Catahoula,"2,023",<1K,328.37,821.25,"1,335.23"
TX,Houston,22027,LA,Claiborne,"2,023",<1K,186.3,305.85,862.45
TX,Houston,22029,LA,Concordia,"2,023",<1K,397.58,895.72,"1,390.10"
TX,Houston,22031,LA,De Soto,"2,023",1K-10K,90,269.5,"1,210.63"
TX,Houston,22033,LA,East Baton Rouge,"2,023",1K-10K,640.22,"1,193.78","2,325.02"
TX,Houston,22039,LA,Evangeline,"2,023",<1K,346.6,"1,093.07","1,510.83"
TX,Houston,22043,LA,Grant,"2,023",<1K,615.22,"1,237.83","1,917.13"
TX,Houston,22047,LA,Iberville,"2,023",1K-10K,429.92,"1,050.08","2,025.08"
TX,Houston,22049,LA,Jackson,"2,023",<1K,431.97,"1,025.08","1,518.07"
TX,Houston,22051,LA,Jefferson,"2,023",<1K,"1,070.17","1,418.78","3,532.92"
TX,Houston,22053,LA,Jefferson Davis,"2,023",1K-10K,255.02,833.58,"1,493.05"
TX,Houston,22055,LA,Lafayette,"2,023",1K-10K,371.1,"1,005","1,750.77"
TX,Houston,22059,LA,LaSalle,"2,023",<1K,384.07,937.98,"1,394.90"
TX,Houston,22061,LA,Lincoln,"2,023",1K-10K,218.12,506.03,"1,171.10"
TX,Houston,22063,LA,Livingston,"2,023",<1K,776.27,"1,305.53","2,640.08"
TX,Houston,22065,LA,Madison,"2,023",1K-10K,302.58,867,"1,304.93"
TX,Houston,22067,LA,Morehouse,"2,023",<1K,390.23,"1,060.67","1,580.10"
TX,Houston,22069,LA,Natchitoches,"2,023",1K-10K,142.1,276.87,"1,208"
TX,Houston,22071,LA,Orleans,"2,023",<1K,"1,095","1,453.70","3,379.97"
TX,Houston,22073,LA,Ouachita,"2,023",1K-10K,243.37,593.48,"1,207.78"
TX,Houston,22077,LA,Pointe Coupee,"2,023",<1K,893.02,"1,203.18","2,526.77"
TX,Houston,22079,LA,Rapides,"2,023",1K-10K,265.5,943.53,"1,432.27"
TX,Houston,22081,LA,Red River,"2,023",<1K,129.08,170.2,769.4
TX,Houston,22083,LA,Richland,"2,023",1K-10K,274.98,748.68,"1,262.82"
TX,Houston,22085,LA,Sabine,"2,023",1K-10K,79.15,103.35,700.38
TX,Houston,22089,LA,St. Charles,"2,023",<1K,"1,025.70","1,350","3,292.18"
TX,Houston,22093,LA,St. James,"2,023",<1K,883.43,"1,287.87","2,906.60"
TX,Houston,22095,LA,St. John the Baptist,"2,023",<1K,962.13,"1,310.50","3,060.08"
TX,Houston,22097,LA,St. Landry,"2,023",<1K,466.22,"1,151.20","1,592.90"
TX,Houston,22099,LA,St. Martin,"2,023",1K-10K,374.62,"1,004.90","1,808.20"
TX,Houston,22103,LA,St. Tammany,"2,023",<1K,978.37,"1,318.62","2,411.23"
TX,Houston,22105,LA,Tangipahoa,"2,023",<1K,918.05,"1,359.90","2,692.72"
TX,Houston,22111,LA,Union,"2,023",<1K,615,"1,204.88","1,955.78"
TX,Houston,22115,LA,Vernon,"2,023",<1K,311.3,898.15,"1,938.92"
TX,Houston,22119,LA,Webster,"2,023",1K-10K,167.62,272.32,982.58
TX,Houston,22121,LA,West Baton Rouge,"2,023",1K-10K,495,"1,104.02","2,075.05"
TX,Houston,22127,LA,Winn,"2,023",<1K,282.63,904.6,"1,441.63"
TX,Houston,24043,MD,Washington,"2,023",<1K,"1,891.93","2,516.55","3,753.73"
TX,Houston,26021,MI,Berrien,"2,023",<1K,"2,308.63","3,041.60","6,097.83"
TX,Houston,26115,MI,Monroe,"2,023",<1K,"2,492.13","2,834.17","3,919.25"
TX,Houston,26159,MI,Van Buren,"2,023",<1K,"2,413.38","3,511.95","6,214.33"
TX,Houston,26163,MI,Wayne,"2,023",<1K,"2,518.53","2,875.50","4,020.17"
TX,Houston,28001,MS,Adams,"2,023",<1K,447.48,"1,067.15","1,558.37"
TX,Houston,28003,MS,Alcorn,"2,023",<1K,"1,409.80","2,185.88","3,391.48"
TX,Houston,28009,MS,Benton,"2,023",<1K,"1,582.90","2,495.45","3,848.67"
TX,Houston,28015,MS,Carroll,"2,023",<1K,"1,121.17","1,676.67","3,225"
TX,Houston,28023,MS,Clarke,"2,023",<1K,"1,393.37","1,977.18","3,920"
TX,Houston,28029,MS,Copiah,"2,023",<1K,"1,269.05","1,676.63","3,528.45"
TX,Houston,28031,MS,Covington,"2,023",<1K,495.02,"1,421.77","2,401.78"
TX,Houston,28033,MS,DeSoto,"2,023",<1K,"1,473.57","2,276.67","4,002.73"
TX,Houston,28035,MS,Forrest,"2,023",<1K,"1,335.18","1,681.50","3,030"
TX,Houston,28037,MS,Franklin,"2,023",<1K,477.35,"1,118.53","1,643.40"
TX,Houston,28043,MS,Grenada,"2,023",<1K,"1,395","2,072.30","3,899.97"
TX,Houston,28045,MS,Hancock,"2,023",<1K,783.25,"1,274.82","2,236.47"
TX,Houston,28047,MS,Harrison,"2,023",<1K,"1,002.43","1,338.33","2,507.38"
TX,Houston,28049,MS,Hinds,"2,023",1K-10K,396.23,"1,019.77","1,529.27"
TX,Houston,28051,MS,Holmes,"2,023",<1K,"1,085.30","1,646.35","3,346.33"
TX,Houston,28057,MS,Itawamba,"2,023",<1K,"1,865.87","2,673.02","4,455.17"
TX,Houston,28059,MS,Jackson,"2,023",<1K,"1,140","1,457.13","2,813.50"
TX,Houston,28061,MS,Jasper,"2,023",<1K,"1,405.45","1,962.22","3,900"
TX,Houston,28067,MS,Jones,"2,023",<1K,857.72,"1,523.07","2,671.83"
TX,Houston,28073,MS,Lamar,"2,023",<1K,"1,336.50","1,654.27","3,150"
TX,Houston,28075,MS,Lauderdale,"2,023",1K-10K,714.97,"1,155.65","1,643.30"
TX,Houston,28081,MS,Lee,"2,023",<1K,"1,633.87","2,550.02","4,196.95"
TX,Houston,28085,MS,Lincoln,"2,023",<1K,"1,190.93","1,612.83","3,198.72"
TX,Houston,28087,MS,Lowndes,"2,023",<1K,"1,251.52","1,635","3,585.18"
TX,Houston,28089,MS,Madison,"2,023",<1K,"1,034.90","1,528.78","3,134.87"
TX,Houston,28093,MS,Marshall,"2,023",<1K,"1,512.90","2,384.73","3,808.77"
TX,Houston,28097,MS,Montgomery,"2,023",<1K,"1,168.67","1,714.73","3,321.32"
TX,Houston,28101,MS,Newton,"2,023",1K-10K,518.72,"1,085.78","1,466.62"
TX,Houston,28107,MS,Panola,"2,023",<1K,"1,464.08","2,102.32","4,230"
TX,Houston,28109,MS,Pearl River,"2,023",<1K,"1,255.43","1,595.12","3,480.05"
TX,Houston,28113,MS,Pike,"2,023",<1K,"1,245.95","1,682.28","3,488.10"
TX,Houston,28115,MS,Pontotoc,"2,023",<1K,"1,659.13","2,458.27","3,943.53"
TX,Houston,28121,MS,Rankin,"2,023",1K-10K,420.02,"1,049.50","1,548.32"
TX,Houston,28123,MS,Scott,"2,023",1K-10K,465,"1,051.03","1,445.22"
TX,Houston,28127,MS,Simpson,"2,023",<1K,493.95,"1,453.98","2,525.60"
TX,Houston,28137,MS,Tate,"2,023",<1K,"1,490.08","2,238.17","4,258.33"
TX,Houston,28145,MS,Union,"2,023",<1K,"1,800","2,654.82","4,119.65"
TX,Houston,28149,MS,Warren,"2,023",1K-10K,347.2,939.48,"1,359.58"
TX,Houston,28161,MS,Yalobusha,"2,023",<1K,"1,434.13","2,146.30","3,908.02"
TX,Houston,28163,MS,Yazoo,"2,023",<1K,"1,078.23","1,649.33","3,455.12"
TX,Houston,29011,MO,Barton,"2,023",<1K,"1,295.80","1,603.27","2,589.33"
TX,Houston,29013,MO,Bates,"2,023",<1K,"1,349.87","1,664.98","2,661.52"
TX,Houston,29021,MO,Buchanan,"2,023",<1K,"1,677.32","2,621.07","4,320.03"
TX,Houston,29023,MO,Butler,"2,023",<1K,"1,139.98","1,260.92","1,785.10"
TX,Houston,29031,MO,Cape Girardeau,"2,023",<1K,"1,511.07","2,408.77","3,378.20"
TX,Houston,29037,MO,Cass,"2,023",<1K,"1,396.15","1,774.75","2,893.60"
TX,Houston,29047,MO,Clay,"2,023",<1K,"1,480.33","2,161.37","3,700"
TX,Houston,29049,MO,Clinton,"2,023",<1K,"1,463.17","1,955","2,818.10"
TX,Houston,29055,MO,Crawford,"2,023",<1K,"2,265.08","2,919.03","4,665.18"
TX,Houston,29061,MO,Daviess,"2,023",<1K,"1,504","2,143.47","3,010.27"
TX,Houston,29063,MO,DeKalb,"2,023",<1K,"1,574","2,508.33","4,158.18"
TX,Houston,29071,MO,Franklin,"2,023",<1K,"2,167.12","2,819.93","4,633.17"
TX,Houston,29077,MO,Greene,"2,023",<1K,"1,575.58","2,516.50","4,195.83"
TX,Houston,29081,MO,Harrison,"2,023",<1K,"1,515","2,115","2,953.47"
TX,Houston,29095,MO,Jackson,"2,023",<1K,"1,532.23","2,475","3,849.53"
TX,Houston,29097,MO,Jasper,"2,023",<1K,"1,350.27","1,716.30","3,119.38"
TX,Houston,29099,MO,Jefferson,"2,023",<1K,"1,344.73","1,590","2,760"
TX,Houston,29105,MO,Laclede,"2,023",<1K,"1,785.40","2,700","4,272.18"
TX,Houston,29109,MO,Lawrence,"2,023",<1K,"1,530","2,456.02","4,048.70"
TX,Houston,29119,MO,McDonald,"2,023",<1K,"1,447.28","1,880.58","3,027.53"
TX,Houston,29123,MO,Madison,"2,023",<1K,"1,236.05","1,362.57","1,709.50"
TX,Houston,29133,MO,Mississippi,"2,023",<1K,"1,250.18","1,406.92","2,359.68"
TX,Houston,29143,MO,New Madrid,"2,023",<1K,"1,224.17","1,402.80","2,430"
TX,Houston,29145,MO,Newton,"2,023",<1K,"1,297.98","1,661.70","2,963.97"
TX,Houston,29155,MO,Pemiscot,"2,023",<1K,"1,199.75","1,395.10","2,393.73"
TX,Houston,29157,MO,Perry,"2,023",<1K,"1,545.08","2,605.78","3,845"
TX,Houston,29161,MO,Phelps,"2,023",<1K,"2,235.10","2,959.73","4,889.48"
TX,Houston,29165,MO,Platte,"2,023",<1K,"1,633.28","2,550.07","4,282.97"
TX,Houston,29169,MO,Pulaski,"2,023",<1K,"1,984.37","2,811.08","4,594.63"
TX,Houston,29183,MO,St. Charles,"2,023",<1K,"2,374.18","3,080.92","5,625.87"
TX,Houston,29186,MO,Ste. Genevieve,"2,023",<1K,"1,561.10","2,556.95","3,852.02"
TX,Houston,29187,MO,St. Francois,"2,023",<1K,"1,259.62","1,375.15","1,741.90"
TX,Houston,29189,MO,St. Louis,"2,023",<1K,"1,588.72","2,559.93","4,000.38"
TX,Houston,29201,MO,Scott,"2,023",<1K,"1,263.97","1,440.08","2,583.23"
TX,Houston,29207,MO,Stoddard,"2,023",<1K,"1,162.75","1,286.77","2,407.82"
TX,Houston,29217,MO,Vernon,"2,023",<1K,"1,326.17","1,624.35","2,618.43"
TX,Houston,29223,MO,Wayne,"2,023",<1K,"1,207.23","1,325.18","1,679.50"
TX,Houston,29225,MO,Webster,"2,023",<1K,"1,797.90","2,745.17","4,328"
TX,Houston,29510,MO,St. Louis,"2,023",<1K,"1,775","2,771.65","4,382.58"
TX,Houston,31185,NE,York,"2,023",<1K,"1,499.92","2,055","4,030.27"
TX,Houston,35001,NM,Bernalillo,"2,023",<1K,"1,545.75","2,147.20","3,210"
TX,Houston,35006,NM,Cibola,"2,023",<1K,"1,695.22","2,502.83","4,020.20"
TX,Houston,35013,NM,DoÃ±a Ana,"2,023",<1K,"1,574.05","2,179.73","3,068.80"
TX,Houston,35017,NM,Grant,"2,023",<1K,"1,747.78","2,315.23","3,270"
TX,Houston,35019,NM,Guadalupe,"2,023",<1K,"1,391.30","1,785","3,085.10"
TX,Houston,35023,NM,Hidalgo,"2,023",<1K,"1,764.80","2,321.77","3,130.17"
TX,Houston,35025,NM,Lea,"2,023",<1K,510.63,"1,177.92","1,695.42"
TX,Houston,35029,NM,Luna,"2,023",<1K,"1,690.45","2,254.55","3,140.95"
TX,Houston,35031,NM,McKinley,"2,023",<1K,"1,775","2,640","4,080.20"
TX,Houston,35037,NM,Quay,"2,023",<1K,"1,302.02","1,644.57","3,313.78"
TX,Houston,35049,NM,Santa Fe,"2,023",<1K,"1,522.27","2,013.57","3,196.38"
TX,Houston,35057,NM,Torrance,"2,023",<1K,"1,479","1,898.83","3,203.38"
TX,Houston,37045,NC,Cleveland,"2,023",<1K,"2,292.23","3,578","4,374.95"
TX,Houston,37071,NC,Gaston,"2,023",<1K,"2,307.60","3,623.35","4,751.40"
TX,Houston,37119,NC,Mecklenburg,"2,023",<1K,"2,322.60","3,319.33","5,657.63"
TX,Houston,39027,OH,Clinton,"2,023",<1K,"1,875.47","2,474.32","3,289"
TX,Houston,39039,OH,Defiance,"2,023",<1K,"1,901.30","2,638.53","3,683.50"
TX,Houston,39047,OH,Fayette,"2,023",<1K,"1,891.47","2,494.32","3,305"
TX,Houston,39049,OH,Franklin,"2,023",<1K,"2,340","2,675.62","4,169.75"
TX,Houston,39057,OH,Greene,"2,023",<1K,"1,971.72","2,607.78","3,884.43"
TX,Houston,39061,OH,Hamilton,"2,023",<1K,"2,198.98","2,767.72","4,599.07"
TX,Houston,39069,OH,Henry,"2,023",<1K,"1,914.27","2,651.53","3,745.87"
TX,Houston,39095,OH,Lucas,"2,023",<1K,"2,486.15","2,853.77","4,170.80"
TX,Houston,39097,OH,Madison,"2,023",<1K,"2,331.68","2,674.62","4,073.45"
TX,Houston,39113,OH,Montgomery,"2,023",<1K,"2,622.48","3,755.70","6,785.38"
TX,Houston,39125,OH,Paulding,"2,023",<1K,"1,909.53","2,630.37","3,898.88"
TX,Houston,39165,OH,Warren,"2,023",<1K,"2,201.38","2,748.97","5,287.15"
TX,Houston,39173,OH,Wood,"2,023",<1K,"2,574.30","2,993.52","5,077.32"
TX,Houston,40005,OK,Atoka,"2,023",1K-10K,444.7,"1,176.60","2,175"
TX,Houston,40013,OK,Bryan,"2,023",<1K,627.78,"1,377.90","2,695.07"
TX,Houston,40015,OK,Caddo,"2,023",<1K,"1,174.47","1,515","3,375.15"
TX,Houston,40017,OK,Canadian,"2,023",<1K,675.08,"1,319.02","2,982.50"
TX,Houston,40019,OK,Carter,"2,023",1K-10K,324.5,915.1,"1,607.18"
TX,Houston,40023,OK,Choctaw,"2,023",<1K,268,863.13,"1,485.67"
TX,Houston,40027,OK,Cleveland,"2,023",1K-10K,525,"1,085.55","1,785"
TX,Houston,40031,OK,Comanche,"2,023",<1K,"1,078.93","1,304.63","2,426.28"
TX,Houston,40033,OK,Cotton,"2,023",<1K,987.15,"1,432.43","2,762.77"
TX,Houston,40035,OK,Craig,"2,023",<1K,"1,155.90","1,517.68","2,852.47"
TX,Houston,40037,OK,Creek,"2,023",<1K,"1,315.58","1,794.27","3,372.10"
TX,Houston,40039,OK,Custer,"2,023",<1K,"1,333.45","2,028.83","4,740"
TX,Houston,40049,OK,Garvin,"2,023",1K-10K,374.8,968.57,"1,584.80"
TX,Houston,40051,OK,Grady,"2,023",<1K,"1,133.57","1,370.93","2,489.50"
TX,Houston,40071,OK,Kay,"2,023",<1K,869.18,"1,382.50","2,520"
TX,Houston,40079,OK,Le Flore,"2,023",<1K,636.68,"1,329.43","2,164.55"
TX,Houston,40081,OK,Lincoln,"2,023",<1K,"1,295.17","1,740","3,508.93"
TX,Houston,40083,OK,Logan,"2,023",<1K,747.18,"1,233.77","1,922.62"
TX,Houston,40085,OK,Love,"2,023",1K-10K,276.08,851.4,"1,559.40"
TX,Houston,40087,OK,McClain,"2,023",1K-10K,432.6,"1,033.18","1,702.90"
TX,Houston,40089,OK,McCurtain,"2,023",<1K,507.23,"1,245.73","2,484.90"
TX,Houston,40091,OK,McIntosh,"2,023",1K-10K,593.05,"1,283.72","2,494"
TX,Houston,40095,OK,Marshall,"2,023",<1K,"1,251.60","1,568.13","3,082.77"
TX,Houston,40097,OK,Mayes,"2,023",<1K,"1,079.35","1,447.08","2,684.20"
TX,Houston,40099,OK,Murray,"2,023",1K-10K,366.9,972.2,"1,650.33"
TX,Houston,40101,OK,Muskogee,"2,023",<1K,"1,002.55","1,462.32","2,965.35"
TX,Houston,40103,OK,Noble,"2,023",<1K,824.7,"1,337.62","2,391.02"
TX,Houston,40107,OK,Okfuskee,"2,023",<1K,"1,340.87","2,359.88","3,282.85"
TX,Houston,40109,OK,Oklahoma,"2,023",1K-10K,628.87,"1,184.97","2,270"
TX,Houston,40111,OK,Okmulgee,"2,023",<1K,887.35,"1,342.55","2,726.73"
TX,Houston,40115,OK,Ottawa,"2,023",<1K,"1,215","1,562.65","2,824.98"
TX,Houston,40119,OK,Payne,"2,023",<1K,837.32,"1,338.42","2,390.70"
TX,Houston,40121,OK,Pittsburg,"2,023",1K-10K,450,"1,150.87","2,053.42"
TX,Houston,40123,OK,Pontotoc,"2,023",<1K,"1,138.93","1,543.83","2,612.27"
TX,Houston,40125,OK,Pottawatomie,"2,023",<1K,"1,194.97","1,681.87","3,196.85"
TX,Houston,40127,OK,Pushmataha,"2,023",<1K,300,900,"1,466.87"
TX,Houston,40131,OK,Rogers,"2,023",<1K,"1,143.22","1,478.87","2,818.70"
TX,Houston,40133,OK,Seminole,"2,023",<1K,"1,279.63","2,090.92","3,260.27"
TX,Houston,40135,OK,Sequoyah,"2,023",<1K,"1,336.78","2,338.75","3,366.53"
TX,Houston,40143,OK,Tulsa,"2,023",<1K,"1,048.77","1,437.73","2,835.23"
TX,Houston,40145,OK,Wagoner,"2,023",<1K,"1,054.67","1,410.63","2,744.97"
TX,Houston,42041,PA,Cumberland,"2,023",<1K,"2,486.83","2,568.70","4,113.82"
TX,Houston,42043,PA,Dauphin,"2,023",<1K,"2,559.07","2,696.75","4,168.57"
TX,Houston,42055,PA,Franklin,"2,023",<1K,"1,898.33","2,510.30","3,981.35"
TX,Houston,45003,SC,Aiken,"2,023",<1K,"1,902.68","2,535.20","3,535.42"
TX,Houston,45007,SC,Anderson,"2,023",<1K,"1,725.27","2,544.58","4,285.05"
TX,Houston,45021,SC,Cherokee,"2,023",<1K,"2,040.07","2,754.88","4,700.53"
TX,Houston,45045,SC,Greenville,"2,023",<1K,"1,858.18","2,684.15","4,410.38"
TX,Houston,45063,SC,Lexington,"2,023",<1K,"2,165.30","2,805.87","5,171.90"
TX,Houston,45073,SC,Oconee,"2,023",<1K,"1,720.55","2,513.52","4,173.97"
TX,Houston,45079,SC,Richland,"2,023",<1K,"2,362.77","2,849.78","5,336.68"
TX,Houston,45083,SC,Spartanburg,"2,023",<1K,"2,004.90","2,761.93","4,870.18"
TX,Houston,47005,TN,Benton,"2,023",<1K,"1,345.40","1,719.53","2,917.82"
TX,Houston,47011,TN,Bradley,"2,023",<1K,"1,337.23","1,534.78","2,864.38"
TX,Houston,47017,TN,Carroll,"2,023",<1K,"1,332.30","1,714.82","2,911.82"
TX,Houston,47021,TN,Cheatham,"2,023",<1K,"1,443.13","2,130.05","3,778.48"
TX,Houston,47035,TN,Cumberland,"2,023",<1K,"2,315.57","3,275.50","4,120"
TX,Houston,47037,TN,Davidson,"2,023",<1K,"1,482.10","2,277.92","3,863.43"
TX,Houston,47039,TN,Decatur,"2,023",<1K,"1,348.58","1,716.68","2,971.72"
TX,Houston,47043,TN,Dickson,"2,023",<1K,"1,387.82","1,765.02","3,026.15"
TX,Houston,47045,TN,Dyer,"2,023",<1K,"1,285.95","1,656.12","2,898.68"
TX,Houston,47047,TN,Fayette,"2,023",<1K,"1,222.28","1,501.62","2,834.98"
TX,Houston,47059,TN,Greene,"2,023",<1K,"1,495.57","1,804.98","2,938.63"
TX,Houston,47063,TN,Hamblen,"2,023",<1K,"1,489.77","2,018.17","3,084.88"
TX,Houston,47065,TN,Hamilton,"2,023",<1K,"1,314.50","1,664.57","3,381.87"
TX,Houston,47075,TN,Haywood,"2,023",<1K,"1,239.10","1,514.32","2,849.98"
TX,Houston,47077,TN,Henderson,"2,023",<1K,"1,312.30","1,636.52","2,935.33"
TX,Houston,47081,TN,Hickman,"2,023",<1K,"1,372.13","1,740.83","3,011.50"
TX,Houston,47085,TN,Humphreys,"2,023",<1K,"1,351.20","1,709.93","2,911.52"
TX,Houston,47089,TN,Jefferson,"2,023",<1K,"1,487.13","2,408.48","4,042.07"
TX,Houston,47093,TN,Knox,"2,023",<1K,"1,460.38","2,515","4,040.70"
TX,Houston,47105,TN,Loudon,"2,023",<1K,"1,422.48","2,329.30","4,007.25"
TX,Houston,47107,TN,McMinn,"2,023",<1K,"1,362","1,564.82","2,909.20"
TX,Houston,47113,TN,Madison,"2,023",<1K,"1,269.97","1,574.83","2,939.08"
TX,Houston,47119,TN,Maury,"2,023",<1K,"1,890.02","2,790.17","4,444.37"
TX,Houston,47123,TN,Monroe,"2,023",<1K,"1,409.22","2,102.95","4,109.73"
TX,Houston,47131,TN,Obion,"2,023",<1K,"1,276.72","1,497.82","2,475.10"
TX,Houston,47141,TN,Putnam,"2,023",<1K,"1,850.43","2,894.63","3,958.80"
TX,Houston,47145,TN,Roane,"2,023",<1K,"2,373.58","3,374.93","4,274.48"
TX,Houston,47147,TN,Robertson,"2,023",<1K,"1,523.27","2,284.60","4,088.12"
TX,Houston,47149,TN,Rutherford,"2,023",<1K,"1,683.15","2,649.98","4,796.75"
TX,Houston,47155,TN,Sevier,"2,023",<1K,"1,590","2,773.53","4,088.97"
TX,Houston,47157,TN,Shelby,"2,023",<1K,"1,182.57","1,552.75","2,904.67"
TX,Houston,47159,TN,Smith,"2,023",<1K,"1,829.98","2,879.60","3,939.92"
TX,Houston,47163,TN,Sullivan,"2,023",<1K,"1,533.83","1,917.08","2,925"
TX,Houston,47165,TN,Sumner,"2,023",<1K,"1,484.82","1,919.05","3,521.22"
TX,Houston,47179,TN,Washington,"2,023",<1K,"1,631.87","2,607.27","4,026.93"
TX,Houston,47187,TN,Williamson,"2,023",<1K,"1,469.40","2,054.92","3,542.27"
TX,Houston,47189,TN,Wilson,"2,023",<1K,"1,695","2,787.68","3,973.92"
TX,Houston,48001,TX,Anderson,"2,023",10K-100K,1.13,5,10.13
TX,Houston,48003,TX,Andrews,"2,023",<1K,451.88,486.77,"1,363.28"
TX,Houston,48005,TX,Angelina,"2,023",10K-100K,1,12.8,53.33
TX,Houston,48009,TX,Archer,"2,023",<1K,"1,496.08","2,057.90","3,165.12"
TX,Houston,48011,TX,Armstrong,"2,023",<1K,"1,128.18","1,360.30","2,200.53"
TX,Houston,48013,TX,Atascosa,"2,023",1K-10K,329.85,938.03,"1,662.82"
TX,Houston,48015,TX,Austin,"2,023",1K-10K,375,"1,095.02","1,628.53"
TX,Houston,48021,TX,Bastrop,"2,023",1K-10K,117.08,144.12,667.37
TX,Houston,48025,TX,Bee,"2,023",<1K,389.78,"1,038.53","1,853.20"
TX,Houston,48027,TX,Bell,"2,023",1K-10K,118.38,209.05,"1,149.07"
TX,Houston,48029,TX,Bexar,"2,023",1K-10K,283.87,873.7,"1,656.93"
TX,Houston,48031,TX,Blanco,"2,023",<1K,399.2,"1,240","2,875"
TX,Houston,48035,TX,Bosque,"2,023",<1K,149.98,225.02,755.57
TX,Houston,48037,TX,Bowie,"2,023",1K-10K,174.67,284.67,"1,139.73"
TX,Houston,48039,TX,Brazoria,"2,023",<1K,191.82,875.1,"2,105.42"
TX,Houston,48041,TX,Brazos,"2,023",1K-10K,39.03,45,262.75
TX,Houston,48047,TX,Brooks,"2,023",<1K,"1,000.50","1,300.33","2,357.78"
TX,Houston,48049,TX,Brown,"2,023",<1K,221.62,859.78,"1,590"
TX,Houston,48051,TX,Burleson,"2,023",1K-10K,73,86.05,244.3
TX,Houston,48053,TX,Burnet,"2,023",<1K,428.42,"1,252.63","2,685"
TX,Houston,48055,TX,Caldwell,"2,023",1K-10K,181.85,495.02,"1,412.53"
TX,Houston,48059,TX,Callahan,"2,023",1K-10K,251.37,398.1,"1,370.15"
TX,Houston,48061,TX,Cameron,"2,023",<1K,"1,215.02","1,631.35","4,177.10"
TX,Houston,48063,TX,Camp,"2,023",<1K,254.98,728.57,"1,495"
TX,Houston,48065,TX,Carson,"2,023",<1K,"1,292.18","1,754.90","3,327.43"
TX,Houston,48067,TX,Cass,"2,023",1K-10K,130.25,162.12,660.88
TX,Houston,48071,TX,Chambers,"2,023",1K-10K,361.68,"1,012.02","2,112.60"
TX,Houston,48073,TX,Cherokee,"2,023",1K-10K,6.2,38.47,474.4
TX,Houston,48075,TX,Childress,"2,023",<1K,716.07,"1,230","1,815.07"
TX,Houston,48077,TX,Clay,"2,023",<1K,377.05,"1,000.20","1,693.40"
TX,Houston,48081,TX,Coke,"2,023",<1K,355.2,"1,069.07","1,638.93"
TX,Houston,48083,TX,Coleman,"2,023",<1K,255,725.9,"1,560"
TX,Houston,48085,TX,Collin,"2,023",1K-10K,568.13,"1,333.73","2,648.02"
TX,Houston,48089,TX,Colorado,"2,023",1K-10K,555.02,"1,200.85","1,905"
TX,Houston,48091,TX,Comal,"2,023",1K-10K,240.17,619.18,"1,516.77"
TX,Houston,48093,TX,Comanche,"2,023",1K-10K,183.47,225.02,769.9
TX,Houston,48095,TX,Concho,"2,023",<1K,374.08,"1,285.88","2,675.32"
TX,Houston,48097,TX,Cooke,"2,023",1K-10K,262.05,861.7,"1,669.60"
TX,Houston,48099,TX,Coryell,"2,023",1K-10K,127.08,172.12,865
TX,Houston,48103,TX,Crane,"2,023",<1K,"1,097.87","1,436.52","2,537.62"
TX,Houston,48105,TX,Crockett,"2,023",<1K,"1,002.50","1,350.67","2,250"
TX,Houston,48109,TX,Culberson,"2,023",<1K,"1,290.17","1,523.25","2,633.67"
TX,Houston,48111,TX,Dallam,"2,023",<1K,"1,342.68","1,758.07","2,535.10"
TX,Houston,48113,TX,Dallas,"2,023",1K-10K,138.72,348.72,"1,248.47"
TX,Houston,48115,TX,Dawson,"2,023",<1K,504.92,"1,276.32","2,746.70"
TX,Houston,48117,TX,Deaf Smith,"2,023",<1K,"1,290.27","1,580.15","2,901.37"
TX,Houston,48119,TX,Delta,"2,023",<1K,170,225,"1,054.40"
TX,Houston,48121,TX,Denton,"2,023",1K-10K,284.43,981.53,"1,836.67"
TX,Houston,48123,TX,DeWitt,"2,023",<1K,319.38,"1,020","2,205"
TX,Houston,48129,TX,Donley,"2,023",<1K,"1,095.45","1,420.17","2,520.07"
TX,Houston,48131,TX,Duval,"2,023",<1K,"1,002.30","1,325.42","2,393.87"
TX,Houston,48133,TX,Eastland,"2,023",1K-10K,232.33,359.37,"1,360.43"
TX,Houston,48135,TX,Ector,"2,023",<1K,498.93,"1,312.28","2,214.33"
TX,Houston,48139,TX,Ellis,"2,023",10K-100K,103.37,134.9,877.18
TX,Houston,48141,TX,El Paso,"2,023",<1K,"1,416.53","1,712.37","2,802.18"
TX,Houston,48143,TX,Erath,"2,023",1K-10K,260.45,843.58,"1,516.50"
TX,Houston,48145,TX,Falls,"2,023",1K-10K,66.03,78.2,370.28
TX,Houston,48147,TX,Fannin,"2,023",<1K,464.43,"1,363.28","2,780.22"
TX,Houston,48149,TX,Fayette,"2,023",1K-10K,375,"1,095.98","1,674.37"
TX,Houston,48151,TX,Fisher,"2,023",<1K,523.57,"1,738.53","2,865.83"
TX,Houston,48157,TX,Fort Bend,"2,023",1K-10K,205.27,665.77,"1,473.92"
TX,Houston,48159,TX,Franklin,"2,023",1K-10K,514.07,"1,414.92","2,701.22"
TX,Houston,48161,TX,Freestone,"2,023",10K-100K,37.03,45.02,207.73
TX,Houston,48163,TX,Frio,"2,023",<1K,332.52,868.17,"1,574.78"
TX,Houston,48167,TX,Galveston,"2,023",<1K,223.53,753.4,"2,078.53"
TX,Houston,48169,TX,Garza,"2,023",<1K,482.98,"1,160.62","2,388.78"
TX,Houston,48171,TX,Gillespie,"2,023",<1K,721.62,"1,341.18","2,670.02"
TX,Houston,48173,TX,Glasscock,"2,023",<1K,409.13,"1,238.08","1,670"
TX,Houston,48175,TX,Goliad,"2,023",<1K,366.6,"1,008.35","1,952.98"
TX,Houston,48177,TX,Gonzales,"2,023",1K-10K,505,"1,192.50","1,968.80"
TX,Houston,48181,TX,Grayson,"2,023",1K-10K,508.7,"1,335","2,657.90"
TX,Houston,48183,TX,Gregg,"2,023",1K-10K,203.08,750,"1,470.10"
TX,Houston,48185,TX,Grimes,"2,023",1K-10K,87.17,331.32,"1,186.48"
TX,Houston,48187,TX,Guadalupe,"2,023",1K-10K,268.8,860.85,"1,569.50"
TX,Houston,48191,TX,Hall,"2,023",<1K,"1,026.47","1,279.15","2,053.52"
TX,Houston,48193,TX,Hamilton,"2,023",1K-10K,162.25,194.98,818
TX,Houston,48197,TX,Hardeman,"2,023",<1K,507.28,"1,128.05","1,688.30"
TX,Houston,48199,TX,Hardin,"2,023",1K-10K,85,95,472.3
TX,Houston,48201,TX,Harris,"2,023",10K-100K,83.33,169.08,551.37
TX,Houston,48203,TX,Harrison,"2,023",1K-10K,95.9,209.13,"1,083.48"
TX,Houston,48209,TX,Hays,"2,023",1K-10K,202.9,570.97,"1,595.45"
TX,Houston,48213,TX,Henderson,"2,023",10K-100K,45.1,50,86.87
TX,Houston,48215,TX,Hidalgo,"2,023",<1K,"1,076.63","1,319.98","2,335.42"
TX,Houston,48217,TX,Hill,"2,023",1K-10K,419.52,"1,079.73","1,984.70"
TX,Houston,48221,TX,Hood,"2,023",<1K,270,888.9,"1,665"
TX,Houston,48223,TX,Hopkins,"2,023",1K-10K,147.1,841.08,"1,778.32"
TX,Houston,48227,TX,Howard,"2,023",<1K,401.38,585.7,"1,623"
TX,Houston,48229,TX,Hudspeth,"2,023",<1K,"1,347.58","1,617.63","2,613.27"
TX,Houston,48231,TX,Hunt,"2,023",1K-10K,894.4,"1,475.60","2,925.97"
TX,Houston,48239,TX,Jackson,"2,023",<1K,490.02,"1,161.78","2,679.27"
TX,Houston,48241,TX,Jasper,"2,023",1K-10K,77.38,88.3,475.65
TX,Houston,48243,TX,Jeff Davis,"2,023",<1K,"1,276.58","1,574.60","2,658.07"
TX,Houston,48245,TX,Jefferson,"2,023",1K-10K,120,190,"1,198.92"
TX,Houston,48247,TX,Jim Hogg,"2,023",<1K,"1,195.65","1,418.08","2,495.08"
TX,Houston,48249,TX,Jim Wells,"2,023",<1K,582.73,"1,313.37","2,372.70"
TX,Houston,48251,TX,Johnson,"2,023",1K-10K,183.07,780.62,"1,626.10"
TX,Houston,48253,TX,Jones,"2,023",<1K,483.73,"1,541.92","2,844.60"
TX,Houston,48255,TX,Karnes,"2,023",<1K,295.45,906.05,"1,750"
TX,Houston,48257,TX,Kaufman,"2,023",1K-10K,287.33,940.02,"1,554.27"
TX,Houston,48259,TX,Kendall,"2,023",<1K,743.47,"1,285.38","2,697.03"
TX,Houston,48261,TX,Kenedy,"2,023",<1K,"1,147.50","1,565","4,136.90"
TX,Houston,48265,TX,Kerr,"2,023",<1K,948.3,"1,387.55","2,759.77"
TX,Houston,48267,TX,Kimble,"2,023",<1K,905.7,"1,385.07","2,468.10"
TX,Houston,48273,TX,Kleberg,"2,023",<1K,960.13,"1,365","3,036.72"
TX,Houston,48277,TX,Lamar,"2,023",1K-10K,203.25,640,"1,500.70"
TX,Houston,48281,TX,Lampasas,"2,023",<1K,183.28,825,"2,514.32"
TX,Houston,48283,TX,La Salle,"2,023",<1K,368.15,947.13,"1,586.48"
TX,Houston,48285,TX,Lavaca,"2,023",<1K,185.33,945,"1,638.18"
TX,Houston,48287,TX,Lee,"2,023",1K-10K,96.1,111.87,393.95
TX,Houston,48289,TX,Leon,"2,023",10K-100K,1,6.63,27.02
TX,Houston,48291,TX,Liberty,"2,023",1K-10K,254.98,569.5,"1,252.88"
TX,Houston,48293,TX,Limestone,"2,023",10K-100K,51.02,56.02,75
TX,Houston,48297,TX,Live Oak,"2,023",<1K,554.35,"1,287.82","2,625.02"
TX,Houston,48299,TX,Llano,"2,023",<1K,260.15,"1,170.50","4,067.63"
TX,Houston,48303,TX,Lubbock,"2,023",<1K,645,"1,379.28","2,563.28"
TX,Houston,48305,TX,Lynn,"2,023",<1K,504.98,"1,208.82","2,421.42"
TX,Houston,48307,TX,McCulloch,"2,023",<1K,255,416.95,"1,457.08"
TX,Houston,48309,TX,McLennan,"2,023",10K-100K,89.03,106.05,405.02
TX,Houston,48311,TX,McMullen,"2,023",<1K,513.93,"1,289","2,199.83"
TX,Houston,48313,TX,Madison,"2,023",10K-100K,1,15,338.62
TX,Houston,48315,TX,Marion,"2,023",1K-10K,120,146.27,568.1
TX,Houston,48317,TX,Martin,"2,023",<1K,430.27,632.92,"1,680"
TX,Houston,48321,TX,Matagorda,"2,023",<1K,226.15,710,"3,529.23"
TX,Houston,48325,TX,Medina,"2,023",1K-10K,318.28,849.08,"1,579.53"
TX,Houston,48327,TX,Menard,"2,023",<1K,340.7,"1,098.07","2,168.60"
TX,Houston,48329,TX,Midland,"2,023",<1K,438.58,899.98,"1,621.27"
TX,Houston,48331,TX,Milam,"2,023",1K-10K,112.8,298.7,"1,240"
TX,Houston,48333,TX,Mills,"2,023",<1K,185.22,366.87,"1,481.98"
TX,Houston,48335,TX,Mitchell,"2,023",1K-10K,374.58,570.5,"1,524.40"
TX,Houston,48337,TX,Montague,"2,023",<1K,358.47,982.43,"1,684.22"
TX,Houston,48339,TX,Montgomery,"2,023",10K-100K,50,65,390.02
TX,Houston,48341,TX,Moore,"2,023",<1K,"1,256.98","1,533.47","2,633.33"
TX,Houston,48343,TX,Morris,"2,023",1K-10K,675,"1,457.03","2,715"
TX,Houston,48347,TX,Nacogdoches,"2,023",10K-100K,12.5,21.47,210
TX,Houston,48349,TX,Navarro,"2,023",1K-10K,71.85,90,588.3
TX,Houston,48351,TX,Newton,"2,023",1K-10K,99.02,105.23,150
TX,Houston,48353,TX,Nolan,"2,023",1K-10K,347.52,630.02,"1,562.20"
TX,Houston,48355,TX,Nueces,"2,023",<1K,920.62,"1,370.87","3,229.63"
TX,Houston,48359,TX,Oldham,"2,023",<1K,"1,253.07","1,570.35","3,124.02"
TX,Houston,48361,TX,Orange,"2,023",1K-10K,137.08,427.63,"1,388.25"
TX,Houston,48363,TX,Palo Pinto,"2,023",<1K,349.8,"1,216.32","2,070.02"
TX,Houston,48365,TX,Panola,"2,023",1K-10K,60,85.42,266.2
TX,Houston,48367,TX,Parker,"2,023",1K-10K,289.33,"1,193.85","1,980"
TX,Houston,48371,TX,Pecos,"2,023",<1K,"1,085.52","1,455.92","2,563.52"
TX,Houston,48373,TX,Polk,"2,023",10K-100K,22.02,30,396.8
TX,Houston,48375,TX,Potter,"2,023",<1K,"1,190.88","1,529.68","2,752.95"
TX,Houston,48379,TX,Rains,"2,023",<1K,112.57,135.25,981.07
TX,Houston,48381,TX,Randall,"2,023",<1K,"1,348.43","2,320.18","3,375"
TX,Houston,48387,TX,Red River,"2,023",<1K,450,"1,153.68","2,271.70"
TX,Houston,48389,TX,Reeves,"2,023",<1K,"1,177.50","1,455.07","2,467.07"
TX,Houston,48391,TX,Refugio,"2,023",<1K,495,"1,200.02","2,782.80"
TX,Houston,48395,TX,Robertson,"2,023",1K-10K,44.03,53.67,202.42
TX,Houston,48397,TX,Rockwall,"2,023",1K-10K,995.75,"1,495.70","2,929.65"
TX,Houston,48399,TX,Runnels,"2,023",<1K,288.67,971.53,"1,911.10"
TX,Houston,48401,TX,Rusk,"2,023",1K-10K,44.1,58.15,214.33
TX,Houston,48403,TX,Sabine,"2,023",1K-10K,64.03,135,800.58
TX,Houston,48405,TX,San Augustine,"2,023",1K-10K,45.53,100.25,783.63
TX,Houston,48407,TX,San Jacinto,"2,023",1K-10K,256.42,555,"1,244.60"
TX,Houston,48409,TX,San Patricio,"2,023",<1K,729.67,"1,300","2,909.47"
TX,Houston,48411,TX,San Saba,"2,023",<1K,217.32,291.93,"1,405"
TX,Houston,48415,TX,Scurry,"2,023",<1K,430.75,"1,046.20","1,944.77"
TX,Houston,48419,TX,Shelby,"2,023",1K-10K,47.3,73.9,671.65
TX,Houston,48421,TX,Sherman,"2,023",<1K,"1,319.03","1,760.30","3,221.73"
TX,Houston,48423,TX,Smith,"2,023",10K-100K,53.2,59.27,166.38
TX,Houston,48425,TX,Somervell,"2,023",<1K,285,"1,020","1,636.07"
TX,Houston,48431,TX,Sterling,"2,023",<1K,371.58,"1,155.02","1,547.17"
TX,Houston,48435,TX,Sutton,"2,023",<1K,648.17,"1,335.68","2,226.83"
TX,Houston,48439,TX,Tarrant,"2,023",1K-10K,205,882.23,"1,605"
TX,Houston,48441,TX,Taylor,"2,023",1K-10K,284.23,486.58,"1,460.17"
TX,Houston,48449,TX,Titus,"2,023",1K-10K,558.58,"1,364.43","2,570.38"
TX,Houston,48451,TX,Tom Green,"2,023",<1K,358.8,"1,199.32","2,399.57"
TX,Houston,48453,TX,Travis,"2,023",1K-10K,299.98,970,"1,839.73"
TX,Houston,48455,TX,Trinity,"2,023",10K-100K,1,4.8,13.77
TX,Houston,48457,TX,Tyler,"2,023",1K-10K,44,48.13,61.02
TX,Houston,48459,TX,Upshur,"2,023",1K-10K,195.02,561.83,"1,359.35"
TX,Houston,48467,TX,Van Zandt,"2,023",1K-10K,139.98,715.58,"1,479.33"
TX,Houston,48469,TX,Victoria,"2,023",<1K,426.12,"1,200.05","2,721.78"
TX,Houston,48471,TX,Walker,"2,023",10K-100K,18.02,29.35,150
TX,Houston,48473,TX,Waller,"2,023",1K-10K,288.48,942.9,"1,493.25"
TX,Houston,48475,TX,Ward,"2,023",<1K,960,"1,451.73","2,709.12"
TX,Houston,48477,TX,Washington,"2,023",1K-10K,212.72,885,"1,877.68"
TX,Houston,48479,TX,Webb,"2,023",<1K,432.63,"1,046.30","1,594.62"
TX,Houston,48481,TX,Wharton,"2,023",1K-10K,267.68,"1,034.98","2,347.95"
TX,Houston,48483,TX,Wheeler,"2,023",<1K,"1,319.50","2,256.28","4,682.73"
TX,Houston,48485,TX,Wichita,"2,023",<1K,530.5,"1,185","1,996.13"
TX,Houston,48487,TX,Wilbarger,"2,023",<1K,495,"1,155","1,732.22"
TX,Houston,48489,TX,Willacy,"2,023",<1K,"1,190.53","1,603.32","4,181.90"
TX,Houston,48491,TX,Williamson,"2,023",1K-10K,195,770.62,"1,633.68"
TX,Houston,48493,TX,Wilson,"2,023",<1K,361.52,"1,094.87","2,403.07"
TX,Houston,48497,TX,Wise,"2,023",<1K,267.33,895.53,"1,643.85"
TX,Houston,48499,TX,Wood,"2,023",1K-10K,105,130,911.97