Origin State,Origin County,Destination CTFIPS,Destination State,Destination County,Year,Movements,25th Percentile (minutes),50th Percentile (minutes),75th Percentile (minutes)
TX,Houston,51015,VA,Augusta,2023,<1K,1755.0,2372.25,3155.58
TX,Houston,51023,VA,Botetourt,2023,<1K,1695.0,2100.58,2921.18
TX,Houston,51069,VA,Frederick,2023,<1K,1845.0,2460.0,3555.32
TX,Houston,51121,VA,Montgomery,2023,<1K,1661.37,2061.5,2885.43
TX,Houston,51155,VA,Pulaski,2023,<1K,1641.23,2046.48,2916.4
TX,Houston,51161,VA,Roanoke,2023,<1K,1683.7,2277.13,3260.15
TX,Houston,51163,VA,Rockbridge,2023,<1K,1722.5,2124.6,2950.2
TX,Houston,51165,VA,Rockingham,2023,<1K,1785.0,2395.62,3180.0
TX,Houston,51171,VA,Shenandoah,2023,<1K,1800.0,2400.0,3104.68
TX,Houston,51173,VA,Smyth,2023,<1K,1575.0,1935.02,2870.37
TX,Houston,51187,VA,Warren,2023,<1K,2553.23,3315.0,4002.37
TX,Houston,51191,VA,Washington,2023,<1K,1542.03,1907.3,2850.13
TX,Houston,51197,VA,Wythe,2023,<1K,1605.0,2290.23,3632.63
TX,Houston,51520,VA,Bristol,2023,<1K,1583.53,2338.85,3767.65
TX,Houston,51660,VA,Harrisonburg,2023,<1K,1811.03,2526.58,3780.0
TX,Houston,51775,VA,Salem,2023,<1K,1755.0,2580.0,3862.3
TX,Houston,54003,WV,Berkeley,2023,<1K,1855.33,2436.03,3017.3
TX,Houston,1003,AL,Baldwin,2023,<1K,1282.57,1590.0,2850.08
TX,Houston,1009,AL,Blount,2023,<1K,1473.83,2440.08,4246.65
TX,Houston,1013,AL,Butler,2023,<1K,1516.47,2470.02,4481.77
TX,Houston,1015,AL,Calhoun,2023,<1K,1378.32,1760.92,3082.0
TX,Houston,1017,AL,Chambers,2023,<1K,1699.9,2619.12,4470.72
TX,Houston,1029,AL,Cleburne,2023,<1K,1393.75,1776.03,3015.18
TX,Houston,1035,AL,Conecuh,2023,<1K,1487.98,2274.38,4458.62
TX,Houston,1043,AL,Cullman,2023,<1K,1545.0,2582.25,4349.32
TX,Houston,1049,AL,DeKalb,2023,<1K,1245.0,1370.43,2047.65
TX,Houston,1053,AL,Escambia,2023,<1K,1453.87,2189.75,4365.2
TX,Houston,1055,AL,Etowah,2023,<1K,669.97,1349.98,2486.13
TX,Houston,1063,AL,Greene,2023,<1K,1046.17,1200.18,1667.4
TX,Houston,1073,AL,Jefferson,2023,1K-10K,1170.0,1381.4,2395.82
TX,Houston,1081,AL,Lee,2023,<1K,1608.12,2520.07,4414.97
TX,Houston,1083,AL,Limestone,2023,<1K,1931.58,2745.02,4388.33
TX,Houston,1085,AL,Lowndes,2023,<1K,1509.0,2389.5,4389.13
TX,Houston,1087,AL,Macon,2023,<1K,1544.98,2346.55,4344.13
TX,Houston,1093,AL,Marion,2023,<1K,1493.05,2472.42,4080.45
TX,Houston,1097,AL,Mobile,2023,<1K,1202.7,1515.88,2738.35
TX,Houston,1101,AL,Montgomery,2023,<1K,1557.23,2542.08,4387.02
TX,Houston,1103,AL,Morgan,2023,<1K,1616.83,2680.15,4238.15
TX,Houston,1115,AL,St. Clair,2023,<1K,1227.27,1501.12,2585.3
TX,Houston,1117,AL,Shelby,2023,<1K,1195.93,1324.4,2599.25
TX,Houston,1119,AL,Sumter,2023,1K-10K,1011.2,1190.92,1687.48
TX,Houston,1121,AL,Talladega,2023,<1K,1247.62,1503.57,2558.37
TX,Houston,1125,AL,Tuscaloosa,2023,<1K,1096.33,1261.5,1746.68
TX,Houston,1127,AL,Walker,2023,<1K,1693.28,2598.32,4200.55
TX,Houston,4003,AZ,Cochise,2023,<1K,1869.37,2475.1,3309.33
TX,Houston,5003,AR,Ashley,2023,<1K,559.42,1155.4,1623.27
TX,Houston,5007,AR,Benton,2023,<1K,1275.15,1623.08,3042.0
TX,Houston,5013,AR,Calhoun,2023,<1K,891.87,1275.93,1770.0
TX,Houston,5017,AR,Chicot,2023,<1K,861.95,1455.15,2844.05
TX,Houston,5019,AR,Clark,2023,1K-10K,296.17,866.8,1345.08
TX,Houston,5021,AR,Clay,2023,<1K,1095.0,1206.3,1603.37
TX,Houston,5025,AR,Cleveland,2023,<1K,1052.6,1303.77,2065.45
TX,Houston,5027,AR,Columbia,2023,<1K,214.08,253.3,851.63
TX,Houston,5029,AR,Conway,2023,<1K,1425.1,2496.55,3470.75
TX,Houston,5031,AR,Craighead,2023,<1K,1031.77,1171.68,1693.28
TX,Houston,5033,AR,Crawford,2023,<1K,1256.1,1702.47,3318.37
TX,Houston,5035,AR,Crittenden,2023,1K-10K,1085.75,1337.98,2424.18
TX,Houston,5039,AR,Dallas,2023,<1K,1025.7,1286.5,1881.65
TX,Houston,5043,AR,Drew,2023,<1K,1098.88,1531.03,2802.77
TX,Houston,5045,AR,Faulkner,2023,<1K,1298.62,1945.32,3472.87
TX,Houston,5047,AR,Franklin,2023,<1K,1448.1,2390.92,3407.1
TX,Houston,5053,AR,Grant,2023,<1K,404.93,1154.75,1713.65
TX,Houston,5057,AR,Hempstead,2023,1K-10K,249.73,596.67,1293.47
TX,Houston,5059,AR,Hot Spring,2023,1K-10K,327.98,928.47,1398.13
TX,Houston,5067,AR,Jackson,2023,<1K,958.32,1128.98,1593.8
TX,Houston,5069,AR,Jefferson,2023,<1K,1099.58,1526.92,2832.77
TX,Houston,5071,AR,Johnson,2023,<1K,1422.82,2375.83,3417.35
TX,Houston,5073,AR,Lafayette,2023,<1K,313.07,917.98,1264.3
TX,Houston,5075,AR,Lawrence,2023,<1K,1044.48,1169.65,1643.68
TX,Houston,5081,AR,Little River,2023,<1K,397.07,1142.37,2505.08
TX,Houston,5085,AR,Lonoke,2023,1K-10K,486.18,1091.22,1689.4
TX,Houston,5091,AR,Miller,2023,1K-10K,183.53,266.2,1084.8
TX,Houston,5093,AR,Mississippi,2023,<1K,1132.93,1342.0,2145.0
TX,Houston,5095,AR,Monroe,2023,1K-10K,918.37,1190.72,2000.73
TX,Houston,5099,AR,Nevada,2023,1K-10K,273.3,674.3,1315.4
TX,Houston,5115,AR,Pope,2023,<1K,1418.57,2360.8,3437.42
TX,Houston,5117,AR,Prairie,2023,1K-10K,617.85,1155.0,1923.43
TX,Houston,5119,AR,Pulaski,2023,1K-10K,419.35,1044.78,1578.57
TX,Houston,5121,AR,Randolph,2023,<1K,1060.85,1185.0,1623.83
TX,Houston,5123,AR,St. Francis,2023,1K-10K,990.12,1216.07,2049.88
TX,Houston,5125,AR,Saline,2023,1K-10K,369.2,977.7,1438.03
TX,Houston,5131,AR,Sebastian,2023,<1K,1033.08,1443.7,3007.13
TX,Houston,5133,AR,Sevier,2023,<1K,354.27,1167.38,2436.92
TX,Houston,5139,AR,Union,2023,<1K,412.88,988.85,1495.07
TX,Houston,5143,AR,Washington,2023,<1K,1233.67,1558.22,2880.48
TX,Houston,5145,AR,White,2023,<1K,448.63,1080.0,1635.22
TX,Houston,8001,CO,Adams,2023,<1K,1452.55,2167.45,3296.8
TX,Houston,8005,CO,Arapahoe,2023,<1K,1427.48,2107.88,2895.18
TX,Houston,8014,CO,Broomfield,2023,<1K,1429.13,1737.6,2585.57
TX,Houston,8031,CO,Denver,2023,<1K,1450.85,2178.92,3062.08
TX,Houston,8039,CO,Elbert,2023,<1K,1377.03,1954.62,2870.17
TX,Houston,8069,CO,Larimer,2023,<1K,1467.82,1916.1,2939.65
TX,Houston,8073,CO,Lincoln,2023,<1K,1338.02,1800.05,2864.0
TX,Houston,8099,CO,Prowers,2023,<1K,1445.15,2104.58,3265.2
TX,Houston,8123,CO,Weld,2023,<1K,1471.85,2168.4,3084.12
TX,Houston,12001,FL,Alachua,2023,<1K,1744.12,2594.78,4463.45
TX,Houston,12023,FL,Columbia,2023,<1K,1650.0,2414.98,3815.28
TX,Houston,12033,FL,Escambia,2023,<1K,1281.03,1536.63,2490.73
TX,Houston,12039,FL,Gadsden,2023,<1K,1426.98,1717.83,2773.4
TX,Houston,12059,FL,Holmes,2023,<1K,1386.03,1646.48,2604.6
TX,Houston,12063,FL,Jackson,2023,<1K,1402.95,1674.5,2611.18
TX,Houston,12065,FL,Jefferson,2023,<1K,1479.6,1768.45,2764.3
TX,Houston,12073,FL,Leon,2023,<1K,1455.07,1748.43,2791.33
TX,Houston,12079,FL,Madison,2023,<1K,1498.77,1787.52,2837.43
TX,Houston,12083,FL,Marion,2023,<1K,1774.13,2618.73,4466.0
TX,Houston,12091,FL,Okaloosa,2023,<1K,1322.83,1578.73,2490.18
TX,Houston,12113,FL,Santa Rosa,2023,<1K,1285.9,1512.47,2457.17
TX,Houston,12119,FL,Sumter,2023,<1K,1913.43,2701.18,4500.0
TX,Houston,12121,FL,Suwannee,2023,<1K,1598.63,2296.4,3653.8
TX,Houston,12131,FL,Walton,2023,<1K,1348.77,1619.82,2533.9
TX,Houston,12133,FL,Washington,2023,<1K,1380.53,1695.12,2692.62
TX,Houston,13011,GA,Banks,2023,<1K,1635.58,2407.28,4076.6
TX,Houston,13013,GA,Barrow,2023,<1K,1611.23,2442.18,3890.32
TX,Houston,13015,GA,Bartow,2023,<1K,2476.93,3573.85,7184.65
TX,Houston,13045,GA,Carroll,2023,<1K,1441.75,2098.0,3150.03
TX,Houston,13063,GA,Clayton,2023,<1K,1741.72,2545.48,4513.85
TX,Houston,13067,GA,Cobb,2023,<1K,1560.0,2483.65,4221.23
TX,Houston,13073,GA,Columbia,2023,<1K,1828.67,2498.52,4026.18
TX,Houston,13077,GA,Coweta,2023,<1K,1801.55,2707.93,4727.73
TX,Houston,13083,GA,Dade,2023,<1K,1286.47,1512.52,2857.02
TX,Houston,13089,GA,DeKalb,2023,<1K,1588.0,2354.08,3797.43
TX,Houston,13097,GA,Douglas,2023,<1K,1486.8,2184.13,3193.3
TX,Houston,13119,GA,Franklin,2023,<1K,1646.77,2424.65,4103.85
TX,Houston,13121,GA,Fulton,2023,<1K,1607.13,2415.0,4227.23
TX,Houston,13133,GA,Greene,2023,<1K,1697.65,2394.32,3420.17
TX,Houston,13135,GA,Gwinnett,2023,<1K,1565.43,2461.33,4078.8
TX,Houston,13143,GA,Haralson,2023,<1K,1407.38,1833.25,3056.0
TX,Houston,13145,GA,Harris,2023,<1K,1669.3,2591.57,4759.2
TX,Houston,13147,GA,Hart,2023,<1K,1719.27,2446.68,4101.95
TX,Houston,13157,GA,Jackson,2023,<1K,1597.97,2400.13,4107.82
TX,Houston,13189,GA,McDuffie,2023,<1K,1770.48,2436.02,3502.9
TX,Houston,13199,GA,Meriwether,2023,<1K,1757.18,2655.92,4691.62
TX,Houston,13211,GA,Morgan,2023,<1K,1675.63,2374.27,3117.87
TX,Houston,13217,GA,Newton,2023,<1K,1665.53,2401.17,3840.0
TX,Houston,13245,GA,Richmond,2023,<1K,1885.1,2517.62,3528.53
TX,Houston,13247,GA,Rockdale,2023,<1K,1651.63,2393.1,3875.65
TX,Houston,13265,GA,Taliaferro,2023,<1K,1753.05,2458.37,3473.22
TX,Houston,13285,GA,Troup,2023,<1K,1708.03,2700.0,4763.5
TX,Houston,13297,GA,Walton,2023,<1K,1687.92,2446.28,3909.83
TX,Houston,13301,GA,Warren,2023,<1K,1762.05,2458.58,3502.57
TX,Houston,17003,IL,Alexander,2023,<1K,1278.02,1438.97,2382.23
TX,Houston,17019,IL,Champaign,2023,<1K,1617.47,2328.73,3955.07
TX,Houston,17023,IL,Clark,2023,<1K,1530.0,2291.77,3492.25
TX,Houston,17025,IL,Clay,2023,<1K,1472.37,2013.2,3724.58
TX,Houston,17029,IL,Coles,2023,<1K,1516.6,2129.17,3265.55
TX,Houston,17031,IL,Cook,2023,<1K,2307.12,3029.73,5548.33
TX,Houston,17035,IL,Cumberland,2023,<1K,1507.98,2135.63,3320.1
TX,Houston,17041,IL,Douglas,2023,<1K,1537.58,2165.0,3615.0
TX,Houston,17049,IL,Effingham,2023,<1K,1465.12,1930.1,3189.58
TX,Houston,17051,IL,Fayette,2023,<1K,1457.2,1880.73,3163.57
TX,Houston,17053,IL,Ford,2023,<1K,1620.15,2285.0,3149.98
TX,Houston,17055,IL,Franklin,2023,<1K,1353.43,1566.98,2827.25
TX,Houston,17063,IL,Grundy,2023,<1K,2610.12,3296.68,5336.38
TX,Houston,17075,IL,Iroquois,2023,<1K,1627.98,2276.33,3090.08
TX,Houston,17081,IL,Jefferson,2023,<1K,1378.73,1631.75,2930.53
TX,Houston,17087,IL,Johnson,2023,<1K,1327.78,1506.83,2771.05
TX,Houston,17091,IL,Kankakee,2023,<1K,1679.67,2351.63,3130.08
TX,Houston,17099,IL,LaSalle,2023,<1K,2597.67,3401.27,5925.25
TX,Houston,17107,IL,Logan,2023,<1K,1612.88,2621.2,3831.73
TX,Houston,17113,IL,McLean,2023,<1K,1989.28,2817.93,4399.8
TX,Houston,17117,IL,Macoupin,2023,<1K,1455.0,2428.08,3258.75
TX,Houston,17119,IL,Madison,2023,<1K,1624.12,2574.9,4019.9
TX,Houston,17121,IL,Marion,2023,<1K,1409.78,1645.0,2823.8
TX,Houston,17133,IL,Monroe,2023,<1K,1419.67,1794.97,2859.03
TX,Houston,17135,IL,Montgomery,2023,<1K,1476.3,2196.32,3090.43
TX,Houston,17153,IL,Pulaski,2023,<1K,1283.17,1449.05,2386.62
TX,Houston,17163,IL,St. Clair,2023,<1K,1612.22,2595.08,4083.92
TX,Houston,17167,IL,Sangamon,2023,<1K,1536.15,2591.2,3673.48
TX,Houston,17173,IL,Shelby,2023,<1K,1507.57,2135.0,3256.07
TX,Houston,17181,IL,Union,2023,<1K,1303.57,1464.97,2475.37
TX,Houston,17197,IL,Will,2023,<1K,2079.0,2658.07,4372.32
TX,Houston,17199,IL,Williamson,2023,<1K,1334.77,1534.8,2754.6
TX,Houston,18003,IN,Allen,2023,<1K,2233.93,2670.1,3664.58
TX,Houston,18019,IN,Clark,2023,<1K,2351.58,3003.4,5634.58
TX,Houston,18021,IN,Clay,2023,<1K,1608.75,2410.0,3651.67
TX,Houston,18035,IN,Delaware,2023,<1K,1755.08,2513.63,3540.02
TX,Houston,18053,IN,Grant,2023,<1K,1857.4,2548.15,3531.78
TX,Houston,18057,IN,Hamilton,2023,<1K,1739.62,2529.88,3777.32
TX,Houston,18059,IN,Hancock,2023,<1K,2412.67,3398.78,4500.18
TX,Houston,18063,IN,Hendricks,2023,<1K,1706.27,2504.52,3821.07
TX,Houston,18065,IN,Henry,2023,<1K,2429.68,3450.0,4543.62
TX,Houston,18069,IN,Huntington,2023,<1K,1843.2,2580.0,3550.8
TX,Houston,18089,IN,Lake,2023,<1K,2326.37,3339.88,5925.0
TX,Houston,18091,IN,LaPorte,2023,<1K,2358.78,3267.35,5955.0
TX,Houston,18095,IN,Madison,2023,<1K,1718.67,2468.12,3590.03
TX,Houston,18097,IN,Marion,2023,<1K,1912.92,2692.48,4029.9
TX,Houston,18109,IN,Morgan,2023,<1K,1651.93,2453.9,3672.42
TX,Houston,18127,IN,Porter,2023,<1K,2348.42,3210.08,5880.88
TX,Houston,18133,IN,Putnam,2023,<1K,1643.97,2445.95,3683.43
TX,Houston,18167,IN,Vigo,2023,<1K,1579.25,2360.48,3558.18
TX,Houston,18177,IN,Wayne,2023,<1K,2518.43,3524.05,5517.75
TX,Houston,18179,IN,Wells,2023,<1K,1850.0,2537.45,3273.78
TX,Houston,19039,IA,Clarke,2023,<1K,1609.03,2289.33,3045.9
TX,Houston,19053,IA,Decatur,2023,<1K,1559.37,2205.02,2983.47
TX,Houston,19071,IA,Fremont,2023,<1K,1532.15,1919.32,2895.83
TX,Houston,19129,IA,Mills,2023,<1K,1551.13,1938.53,2861.07
TX,Houston,19153,IA,Polk,2023,<1K,1874.98,2791.58,4480.0
TX,Houston,19155,IA,Pottawattamie,2023,<1K,1749.43,2686.8,3938.33
TX,Houston,19181,IA,Warren,2023,<1K,1644.23,2550.0,3720.07
TX,Houston,20015,KS,Butler,2023,<1K,1380.07,2254.75,3912.0
TX,Houston,20017,KS,Chase,2023,<1K,1445.38,2298.35,3951.8
TX,Houston,20029,KS,Cloud,2023,<1K,1335.08,1560.08,2685.1
TX,Houston,20031,KS,Coffey,2023,<1K,1345.67,1725.0,3497.67
TX,Houston,20053,KS,Ellsworth,2023,<1K,1029.7,1379.48,2934.37
TX,Houston,20079,KS,Harvey,2023,<1K,971.42,1349.43,2423.88
TX,Houston,20091,KS,Johnson,2023,<1K,1482.0,2425.0,3812.93
TX,Houston,20111,KS,Lyon,2023,<1K,1484.98,2358.27,3976.07
TX,Houston,20113,KS,McPherson,2023,<1K,1008.2,1357.63,2197.57
TX,Houston,20121,KS,Miami,2023,<1K,1416.4,2090.0,3068.28
TX,Houston,20125,KS,Montgomery,2023,<1K,1183.38,1456.3,2673.07
TX,Houston,20139,KS,Osage,2023,<1K,1386.23,1950.0,3098.92
TX,Houston,20143,KS,Ottawa,2023,<1K,1320.0,1523.57,2370.07
TX,Houston,20157,KS,Republic,2023,<1K,1350.1,1589.68,2656.4
TX,Houston,20169,KS,Saline,2023,<1K,1078.32,1431.47,2687.62
TX,Houston,20173,KS,Sedgwick,2023,<1K,1170.0,1456.75,2760.15
TX,Houston,20177,KS,Shawnee,2023,<1K,1390.68,1874.67,3591.37
TX,Houston,20191,KS,Sumner,2023,<1K,1129.92,1407.5,2620.07
TX,Houston,20209,KS,Wyandotte,2023,<1K,1677.82,2672.28,4237.95
TX,Houston,21009,KY,Barren,2023,<1K,1564.2,2087.32,3482.33
TX,Houston,21015,KY,Boone,2023,<1K,2085.08,2659.65,4485.0
TX,Houston,21029,KY,Bullitt,2023,<1K,1728.07,2325.1,3543.63
TX,Houston,21033,KY,Caldwell,2023,<1K,1442.85,2319.68,3767.73
TX,Houston,21041,KY,Carroll,2023,<1K,1950.1,2508.28,3262.43
TX,Houston,21061,KY,Edmonson,2023,<1K,1601.3,2167.2,3694.45
TX,Houston,21067,KY,Fayette,2023,<1K,1970.68,3434.5,7229.7
TX,Houston,21075,KY,Fulton,2023,<1K,1318.35,1494.17,2391.72
TX,Houston,21077,KY,Gallatin,2023,<1K,1960.63,2501.57,3231.43
TX,Houston,21083,KY,Graves,2023,<1K,1326.35,1539.75,2520.08
TX,Houston,21093,KY,Hardin,2023,<1K,1585.27,2200.15,3127.27
TX,Houston,21099,KY,Hart,2023,<1K,1590.08,2195.1,3645.0
TX,Houston,21103,KY,Henry,2023,<1K,1865.07,2439.5,3374.67
TX,Houston,21105,KY,Hickman,2023,<1K,1318.05,1481.8,2251.2
TX,Houston,21107,KY,Hopkins,2023,<1K,1418.6,1692.58,2861.43
TX,Houston,21111,KY,Jefferson,2023,<1K,1867.72,2457.25,3727.52
TX,Houston,21117,KY,Kenton,2023,<1K,2189.98,2741.82,4500.0
TX,Houston,21123,KY,Larue,2023,<1K,1665.0,2338.92,3511.35
TX,Houston,21139,KY,Livingston,2023,<1K,1405.82,2294.8,3602.08
TX,Houston,21143,KY,Lyon,2023,<1K,1425.08,2443.25,3868.82
TX,Houston,21157,KY,Marshall,2023,<1K,1392.4,2103.75,3959.37
TX,Houston,21185,KY,Oldham,2023,<1K,1830.62,2374.02,3217.87
TX,Houston,21213,KY,Simpson,2023,<1K,1502.18,1940.27,3550.37
TX,Houston,21227,KY,Warren,2023,<1K,1528.57,2108.05,3630.3
TX,Houston,22001,LA,Acadia,2023,1K-10K,282.55,867.87,1512.0
TX,Houston,22003,LA,Allen,2023,<1K,231.37,548.77,1462.78
TX,Houston,22005,LA,Ascension,2023,<1K,698.23,1170.0,2505.02
TX,Houston,22009,LA,Avoyelles,2023,<1K,930.62,1256.17,1890.0
TX,Houston,22011,LA,Beauregard,2023,1K-10K,118.07,124.65,139.7
TX,Houston,22013,LA,Bienville,2023,1K-10K,198.93,449.17,1115.17
TX,Houston,22015,LA,Bossier,2023,1K-10K,148.98,210.0,877.95
TX,Houston,22017,LA,Caddo,2023,1K-10K,112.77,171.33,935.47
TX,Houston,22019,LA,Calcasieu,2023,1K-10K,176.97,622.22,1445.0
TX,Houston,22021,LA,Caldwell,2023,<1K,901.85,1275.83,1897.95
TX,Houston,22025,LA,Catahoula,2023,<1K,328.37,821.25,1335.23
TX,Houston,22027,LA,Claiborne,2023,<1K,186.3,305.85,862.45
TX,Houston,22029,LA,Concordia,2023,<1K,397.58,895.72,1390.1
TX,Houston,22031,LA,De Soto,2023,1K-10K,90.0,269.5,1210.63
TX,Houston,22033,LA,East Baton Rouge,2023,1K-10K,640.22,1193.78,2325.02
TX,Houston,22039,LA,Evangeline,2023,<1K,346.6,1093.07,1510.83
TX,Houston,22043,LA,Grant,2023,<1K,615.22,1237.83,1917.13
TX,Houston,22047,LA,Iberville,2023,1K-10K,429.92,1050.08,2025.08
TX,Houston,22049,LA,Jackson,2023,<1K,431.97,1025.08,1518.07
TX,Houston,22051,LA,Jefferson,2023,<1K,1070.17,1418.78,3532.92
TX,Houston,22053,LA,Jefferson Davis,2023,1K-10K,255.02,833.58,1493.05
TX,Houston,22055,LA,Lafayette,2023,1K-10K,371.1,1005.0,1750.77
TX,Houston,22059,LA,LaSalle,2023,<1K,384.07,937.98,1394.9
TX,Houston,22061,LA,Lincoln,2023,1K-10K,218.12,506.03,1171.1
TX,Houston,22063,LA,Livingston,2023,<1K,776.27,1305.53,2640.08
TX,Houston,22065,LA,Madison,2023,1K-10K,302.58,867.0,1304.93
TX,Houston,22067,LA,Morehouse,2023,<1K,390.23,1060.67,1580.1
TX,Houston,22069,LA,Natchitoches,2023,1K-10K,142.1,276.87,1208.0
TX,Houston,22071,LA,Orleans,2023,<1K,1095.0,1453.7,3379.97
TX,Houston,22073,LA,Ouachita,2023,1K-10K,243.37,593.48,1207.78
TX,Houston,22077,LA,Pointe Coupee,2023,<1K,893.02,1203.18,2526.77
TX,Houston,22079,LA,Rapides,2023,1K-10K,265.5,943.53,1432.27
TX,Houston,22081,LA,Red River,2023,<1K,129.08,170.2,769.4
TX,Houston,22083,LA,Richland,2023,1K-10K,274.98,748.68,1262.82
TX,Houston,22085,LA,Sabine,2023,1K-10K,79.15,103.35,700.38
TX,Houston,22089,LA,St. Charles,2023,<1K,1025.7,1350.0,3292.18
TX,Houston,22093,LA,St. James,2023,<1K,883.43,1287.87,2906.6
TX,Houston,22095,LA,St. John the Baptist,2023,<1K,962.13,1310.5,3060.08
TX,Houston,22097,LA,St. Landry,2023,<1K,466.22,1151.2,1592.9
TX,Houston,22099,LA,St. Martin,2023,1K-10K,374.62,1004.9,1808.2
TX,Houston,22103,LA,St. Tammany,2023,<1K,978.37,1318.62,2411.23
TX,Houston,22105,LA,Tangipahoa,2023,<1K,918.05,1359.9,2692.72
TX,Houston,22111,LA,Union,2023,<1K,615.0,1204.88,1955.78
TX,Houston,22115,LA,Vernon,2023,<1K,311.3,898.15,1938.92
TX,Houston,22119,LA,Webster,2023,1K-10K,167.62,272.32,982.58
TX,Houston,22121,LA,West Baton Rouge,2023,1K-10K,495.0,1104.02,2075.05
TX,Houston,22127,LA,Winn,2023,<1K,282.63,904.6,1441.63
TX,Houston,24043,MD,Washington,2023,<1K,1891.93,2516.55,3753.73
TX,Houston,26021,MI,Berrien,2023,<1K,2308.63,3041.6,6097.83
TX,Houston,26115,MI,Monroe,2023,<1K,2492.13,2834.17,3919.25
TX,Houston,26159,MI,Van Buren,2023,<1K,2413.38,3511.95,6214.33
TX,Houston,26163,MI,Wayne,2023,<1K,2518.53,2875.5,4020.17
TX,Houston,28001,MS,Adams,2023,<1K,447.48,1067.15,1558.37
TX,Houston,28003,MS,Alcorn,2023,<1K,1409.8,2185.88,3391.48
TX,Houston,28009,MS,Benton,2023,<1K,1582.9,2495.45,3848.67
TX,Houston,28015,MS,Carroll,2023,<1K,1121.17,1676.67,3225.0
TX,Houston,28023,MS,Clarke,2023,<1K,1393.37,1977.18,3920.0
TX,Houston,28029,MS,Copiah,2023,<1K,1269.05,1676.63,3528.45
TX,Houston,28031,MS,Covington,2023,<1K,495.02,1421.77,2401.78
TX,Houston,28033,MS,DeSoto,2023,<1K,1473.57,2276.67,4002.73
TX,Houston,28035,MS,Forrest,2023,<1K,1335.18,1681.5,3030.0
TX,Houston,28037,MS,Franklin,2023,<1K,477.35,1118.53,1643.4
TX,Houston,28043,MS,Grenada,2023,<1K,1395.0,2072.3,3899.97
TX,Houston,28045,MS,Hancock,2023,<1K,783.25,1274.82,2236.47
TX,Houston,28047,MS,Harrison,2023,<1K,1002.43,1338.33,2507.38
TX,Houston,28049,MS,Hinds,2023,1K-10K,396.23,1019.77,1529.27
TX,Houston,28051,MS,Holmes,2023,<1K,1085.3,1646.35,3346.33
TX,Houston,28057,MS,Itawamba,2023,<1K,1865.87,2673.02,4455.17
TX,Houston,28059,MS,Jackson,2023,<1K,1140.0,1457.13,2813.5
TX,Houston,28061,MS,Jasper,2023,<1K,1405.45,1962.22,3900.0
TX,Houston,28067,MS,Jones,2023,<1K,857.72,1523.07,2671.83
TX,Houston,28073,MS,Lamar,2023,<1K,1336.5,1654.27,3150.0
TX,Houston,28075,MS,Lauderdale,2023,1K-10K,714.97,1155.65,1643.3
TX,Houston,28081,MS,Lee,2023,<1K,1633.87,2550.02,4196.95
TX,Houston,28085,MS,Lincoln,2023,<1K,1190.93,1612.83,3198.72
TX,Houston,28087,MS,Lowndes,2023,<1K,1251.52,1635.0,3585.18
TX,Houston,28089,MS,Madison,2023,<1K,1034.9,1528.78,3134.87
TX,Houston,28093,MS,Marshall,2023,<1K,1512.9,2384.73,3808.77
TX,Houston,28097,MS,Montgomery,2023,<1K,1168.67,1714.73,3321.32
TX,Houston,28101,MS,Newton,2023,1K-10K,518.72,1085.78,1466.62
TX,Houston,28107,MS,Panola,2023,<1K,1464.08,2102.32,4230.0
TX,Houston,28109,MS,Pearl River,2023,<1K,1255.43,1595.12,3480.05
TX,Houston,28113,MS,Pike,2023,<1K,1245.95,1682.28,3488.1
TX,Houston,28115,MS,Pontotoc,2023,<1K,1659.13,2458.27,3943.53
TX,Houston,28121,MS,Rankin,2023,1K-10K,420.02,1049.5,1548.32
TX,Houston,28123,MS,Scott,2023,1K-10K,465.0,1051.03,1445.22
TX,Houston,28127,MS,Simpson,2023,<1K,493.95,1453.98,2525.6
TX,Houston,28137,MS,Tate,2023,<1K,1490.08,2238.17,4258.33
TX,Houston,28145,MS,Union,2023,<1K,1800.0,2654.82,4119.65
TX,Houston,28149,MS,Warren,2023,1K-10K,347.2,939.48,1359.58
TX,Houston,28161,MS,Yalobusha,2023,<1K,1434.13,2146.3,3908.02
TX,Houston,28163,MS,Yazoo,2023,<1K,1078.23,1649.33,3455.12
TX,Houston,29011,MO,Barton,2023,<1K,1295.8,1603.27,2589.33
TX,Houston,29013,MO,Bates,2023,<1K,1349.87,1664.98,2661.52
TX,Houston,29021,MO,Buchanan,2023,<1K,1677.32,2621.07,4320.03
TX,Houston,29023,MO,Butler,2023,<1K,1139.98,1260.92,1785.1
TX,Houston,29031,MO,Cape Girardeau,2023,<1K,1511.07,2408.77,3378.2
TX,Houston,29037,MO,Cass,2023,<1K,1396.15,1774.75,2893.6
TX,Houston,29047,MO,Clay,2023,<1K,1480.33,2161.37,3700.0
TX,Houston,29049,MO,Clinton,2023,<1K,1463.17,1955.0,2818.1
TX,Houston,29055,MO,Crawford,2023,<1K,2265.08,2919.03,4665.18
TX,Houston,29061,MO,Daviess,2023,<1K,1504.0,2143.47,3010.27
TX,Houston,29063,MO,DeKalb,2023,<1K,1574.0,2508.33,4158.18
TX,Houston,29071,MO,Franklin,2023,<1K,2167.12,2819.93,4633.17
TX,Houston,29077,MO,Greene,2023,<1K,1575.58,2516.5,4195.83
TX,Houston,29081,MO,Harrison,2023,<1K,1515.0,2115.0,2953.47
TX,Houston,29095,MO,Jackson,2023,<1K,1532.23,2475.0,3849.53
TX,Houston,29097,MO,Jasper,2023,<1K,1350.27,1716.3,3119.38
TX,Houston,29099,MO,Jefferson,2023,<1K,1344.73,1590.0,2760.0
TX,Houston,29105,MO,Laclede,2023,<1K,1785.4,2700.0,4272.18
TX,Houston,29109,MO,Lawrence,2023,<1K,1530.0,2456.02,4048.7
TX,Houston,29119,MO,McDonald,2023,<1K,1447.28,1880.58,3027.53
TX,Houston,29123,MO,Madison,2023,<1K,1236.05,1362.57,1709.5
TX,Houston,29133,MO,Mississippi,2023,<1K,1250.18,1406.92,2359.68
TX,Houston,29143,MO,New Madrid,2023,<1K,1224.17,1402.8,2430.0
TX,Houston,29145,MO,Newton,2023,<1K,1297.98,1661.7,2963.97
TX,Houston,29155,MO,Pemiscot,2023,<1K,1199.75,1395.1,2393.73
TX,Houston,29157,MO,Perry,2023,<1K,1545.08,2605.78,3845.0
TX,Houston,29161,MO,Phelps,2023,<1K,2235.1,2959.73,4889.48
TX,Houston,29165,MO,Platte,2023,<1K,1633.28,2550.07,4282.97
TX,Houston,29169,MO,Pulaski,2023,<1K,1984.37,2811.08,4594.63
TX,Houston,29183,MO,St. Charles,2023,<1K,2374.18,3080.92,5625.87
TX,Houston,29186,MO,Ste. Genevieve,2023,<1K,1561.1,2556.95,3852.02
TX,Houston,29187,MO,St. Francois,2023,<1K,1259.62,1375.15,1741.9
TX,Houston,29189,MO,St. Louis,2023,<1K,1588.72,2559.93,4000.38
TX,Houston,29201,MO,Scott,2023,<1K,1263.97,1440.08,2583.23
TX,Houston,29207,MO,Stoddard,2023,<1K,1162.75,1286.77,2407.82
TX,Houston,29217,MO,Vernon,2023,<1K,1326.17,1624.35,2618.43
TX,Houston,29223,MO,Wayne,2023,<1K,1207.23,1325.18,1679.5
TX,Houston,29225,MO,Webster,2023,<1K,1797.9,2745.17,4328.0
TX,Houston,29510,MO,St. Louis,2023,<1K,1775.0,2771.65,4382.58
TX,Houston,31185,NE,York,2023,<1K,1499.92,2055.0,4030.27
TX,Houston,35001,NM,Bernalillo,2023,<1K,1545.75,2147.2,3210.0
TX,Houston,35006,NM,Cibola,2023,<1K,1695.22,2502.83,4020.2
TX,Houston,35013,NM,DoÃ±a Ana,2023,<1K,1574.05,2179.73,3068.8
TX,Houston,35017,NM,Grant,2023,<1K,1747.78,2315.23,3270.0
TX,Houston,35019,NM,Guadalupe,2023,<1K,1391.3,1785.0,3085.1
TX,Houston,35023,NM,Hidalgo,2023,<1K,1764.8,2321.77,3130.17
TX,Houston,35025,NM,Lea,2023,<1K,510.63,1177.92,1695.42
TX,Houston,35029,NM,Luna,2023,<1K,1690.45,2254.55,3140.95
TX,Houston,35031,NM,McKinley,2023,<1K,1775.0,2640.0,4080.2
TX,Houston,35037,NM,Quay,2023,<1K,1302.02,1644.57,3313.78
TX,Houston,35049,NM,Santa Fe,2023,<1K,1522.27,2013.57,3196.38
TX,Houston,35057,NM,Torrance,2023,<1K,1479.0,1898.83,3203.38
TX,Houston,37045,NC,Cleveland,2023,<1K,2292.23,3578.0,4374.95
TX,Houston,37071,NC,Gaston,2023,<1K,2307.6,3623.35,4751.4
TX,Houston,37119,NC,Mecklenburg,2023,<1K,2322.6,3319.33,5657.63
TX,Houston,39027,OH,Clinton,2023,<1K,1875.47,2474.32,3289.0
TX,Houston,39039,OH,Defiance,2023,<1K,1901.3,2638.53,3683.5
TX,Houston,39047,OH,Fayette,2023,<1K,1891.47,2494.32,3305.0
TX,Houston,39049,OH,Franklin,2023,<1K,2340.0,2675.62,4169.75
TX,Houston,39057,OH,Greene,2023,<1K,1971.72,2607.78,3884.43
TX,Houston,39061,OH,Hamilton,2023,<1K,2198.98,2767.72,4599.07
TX,Houston,39069,OH,Henry,2023,<1K,1914.27,2651.53,3745.87
TX,Houston,39095,OH,Lucas,2023,<1K,2486.15,2853.77,4170.8
TX,Houston,39097,OH,Madison,2023,<1K,2331.68,2674.62,4073.45
TX,Houston,39113,OH,Montgomery,2023,<1K,2622.48,3755.7,6785.38
TX,Houston,39125,OH,Paulding,2023,<1K,1909.53,2630.37,3898.88
TX,Houston,39165,OH,Warren,2023,<1K,2201.38,2748.97,5287.15
TX,Houston,39173,OH,Wood,2023,<1K,2574.3,2993.52,5077.32
TX,Houston,40005,OK,Atoka,2023,1K-10K,444.7,1176.6,2175.0
TX,Houston,40013,OK,Bryan,2023,<1K,627.78,1377.9,2695.07
TX,Houston,40015,OK,Caddo,2023,<1K,1174.47,1515.0,3375.15
TX,Houston,40017,OK,Canadian,2023,<1K,675.08,1319.02,2982.5
TX,Houston,40019,OK,Carter,2023,1K-10K,324.5,915.1,1607.18
TX,Houston,40023,OK,Choctaw,2023,<1K,268.0,863.13,1485.67
TX,Houston,40027,OK,Cleveland,2023,1K-10K,525.0,1085.55,1785.0
TX,Houston,40031,OK,Comanche,2023,<1K,1078.93,1304.63,2426.28
TX,Houston,40033,OK,Cotton,2023,<1K,987.15,1432.43,2762.77
TX,Houston,40035,OK,Craig,2023,<1K,1155.9,1517.68,2852.47
TX,Houston,40037,OK,Creek,2023,<1K,1315.58,1794.27,3372.1
TX,Houston,40039,OK,Custer,2023,<1K,1333.45,2028.83,4740.0
TX,Houston,40049,OK,Garvin,2023,1K-10K,374.8,968.57,1584.8
TX,Houston,40051,OK,Grady,2023,<1K,1133.57,1370.93,2489.5
TX,Houston,40071,OK,Kay,2023,<1K,869.18,1382.5,2520.0
TX,Houston,40079,OK,Le Flore,2023,<1K,636.68,1329.43,2164.55
TX,Houston,40081,OK,Lincoln,2023,<1K,1295.17,1740.0,3508.93
TX,Houston,40083,OK,Logan,2023,<1K,747.18,1233.77,1922.62
TX,Houston,40085,OK,Love,2023,1K-10K,276.08,851.4,1559.4
TX,Houston,40087,OK,McClain,2023,1K-10K,432.6,1033.18,1702.9
TX,Houston,40089,OK,McCurtain,2023,<1K,507.23,1245.73,2484.9
TX,Houston,40091,OK,McIntosh,2023,1K-10K,593.05,1283.72,2494.0
TX,Houston,40095,OK,Marshall,2023,<1K,1251.6,1568.13,3082.77
TX,Houston,40097,OK,Mayes,2023,<1K,1079.35,1447.08,2684.2
TX,Houston,40099,OK,Murray,2023,1K-10K,366.9,972.2,1650.33
TX,Houston,40101,OK,Muskogee,2023,<1K,1002.55,1462.32,2965.35
TX,Houston,40103,OK,Noble,2023,<1K,824.7,1337.62,2391.02
TX,Houston,40107,OK,Okfuskee,2023,<1K,1340.87,2359.88,3282.85
TX,Houston,40109,OK,Oklahoma,2023,1K-10K,628.87,1184.97,2270.0
TX,Houston,40111,OK,Okmulgee,2023,<1K,887.35,1342.55,2726.73
TX,Houston,40115,OK,Ottawa,2023,<1K,1215.0,1562.65,2824.98
TX,Houston,40119,OK,Payne,2023,<1K,837.32,1338.42,2390.7
TX,Houston,40121,OK,Pittsburg,2023,1K-10K,450.0,1150.87,2053.42
TX,Houston,40123,OK,Pontotoc,2023,<1K,1138.93,1543.83,2612.27
TX,Houston,40125,OK,Pottawatomie,2023,<1K,1194.97,1681.87,3196.85
TX,Houston,40127,OK,Pushmataha,2023,<1K,300.0,900.0,1466.87
TX,Houston,40131,OK,Rogers,2023,<1K,1143.22,1478.87,2818.7
TX,Houston,40133,OK,Seminole,2023,<1K,1279.63,2090.92,3260.27
TX,Houston,40135,OK,Sequoyah,2023,<1K,1336.78,2338.75,3366.53
TX,Houston,40143,OK,Tulsa,2023,<1K,1048.77,1437.73,2835.23
TX,Houston,40145,OK,Wagoner,2023,<1K,1054.67,1410.63,2744.97
TX,Houston,42041,PA,Cumberland,2023,<1K,2486.83,2568.7,4113.82
TX,Houston,42043,PA,Dauphin,2023,<1K,2559.07,2696.75,4168.57
TX,Houston,42055,PA,Franklin,2023,<1K,1898.33,2510.3,3981.35
TX,Houston,45003,SC,Aiken,2023,<1K,1902.68,2535.2,3535.42
TX,Houston,45007,SC,Anderson,2023,<1K,1725.27,2544.58,4285.05
TX,Houston,45021,SC,Cherokee,2023,<1K,2040.07,2754.88,4700.53
TX,Houston,45045,SC,Greenville,2023,<1K,1858.18,2684.15,4410.38
TX,Houston,45063,SC,Lexington,2023,<1K,2165.3,2805.87,5171.9
TX,Houston,45073,SC,Oconee,2023,<1K,1720.55,2513.52,4173.97
TX,Houston,45079,SC,Richland,2023,<1K,2362.77,2849.78,5336.68
TX,Houston,45083,SC,Spartanburg,2023,<1K,2004.9,2761.93,4870.18
TX,Houston,47005,TN,Benton,2023,<1K,1345.4,1719.53,2917.82
TX,Houston,47011,TN,Bradley,2023,<1K,1337.23,1534.78,2864.38
TX,Houston,47017,TN,Carroll,2023,<1K,1332.3,1714.82,2911.82
TX,Houston,47021,TN,Cheatham,2023,<1K,1443.13,2130.05,3778.48
TX,Houston,47035,TN,Cumberland,2023,<1K,2315.57,3275.5,4120.0
TX,Houston,47037,TN,Davidson,2023,<1K,1482.1,2277.92,3863.43
TX,Houston,47039,TN,Decatur,2023,<1K,1348.58,1716.68,2971.72
TX,Houston,47043,TN,Dickson,2023,<1K,1387.82,1765.02,3026.15
TX,Houston,47045,TN,Dyer,2023,<1K,1285.95,1656.12,2898.68
TX,Houston,47047,TN,Fayette,2023,<1K,1222.28,1501.62,2834.98
TX,Houston,47059,TN,Greene,2023,<1K,1495.57,1804.98,2938.63
TX,Houston,47063,TN,Hamblen,2023,<1K,1489.77,2018.17,3084.88
TX,Houston,47065,TN,Hamilton,2023,<1K,1314.5,1664.57,3381.87
TX,Houston,47075,TN,Haywood,2023,<1K,1239.1,1514.32,2849.98
TX,Houston,47077,TN,Henderson,2023,<1K,1312.3,1636.52,2935.33
TX,Houston,47081,TN,Hickman,2023,<1K,1372.13,1740.83,3011.5
TX,Houston,47085,TN,Humphreys,2023,<1K,1351.2,1709.93,2911.52
TX,Houston,47089,TN,Jefferson,2023,<1K,1487.13,2408.48,4042.07
TX,Houston,47093,TN,Knox,2023,<1K,1460.38,2515.0,4040.7
TX,Houston,47105,TN,Loudon,2023,<1K,1422.48,2329.3,4007.25
TX,Houston,47107,TN,McMinn,2023,<1K,1362.0,1564.82,2909.2
TX,Houston,47113,TN,Madison,2023,<1K,1269.97,1574.83,2939.08
TX,Houston,47119,TN,Maury,2023,<1K,1890.02,2790.17,4444.37
TX,Houston,47123,TN,Monroe,2023,<1K,1409.22,2102.95,4109.73
TX,Houston,47131,TN,Obion,2023,<1K,1276.72,1497.82,2475.1
TX,Houston,47141,TN,Putnam,2023,<1K,1850.43,2894.63,3958.8
TX,Houston,47145,TN,Roane,2023,<1K,2373.58,3374.93,4274.48
TX,Houston,47147,TN,Robertson,2023,<1K,1523.27,2284.6,4088.12
TX,Houston,47149,TN,Rutherford,2023,<1K,1683.15,2649.98,4796.75
TX,Houston,47155,TN,Sevier,2023,<1K,1590.0,2773.53,4088.97
TX,Houston,47157,TN,Shelby,2023,<1K,1182.57,1552.75,2904.67
TX,Houston,47159,TN,Smith,2023,<1K,1829.98,2879.6,3939.92
TX,Houston,47163,TN,Sullivan,2023,<1K,1533.83,1917.08,2925.0
TX,Houston,47165,TN,Sumner,2023,<1K,1484.82,1919.05,3521.22
TX,Houston,47179,TN,Washington,2023,<1K,1631.87,2607.27,4026.93
TX,Houston,47187,TN,Williamson,2023,<1K,1469.4,2054.92,3542.27
TX,Houston,47189,TN,Wilson,2023,<1K,1695.0,2787.68,3973.92
TX,Houston,48001,TX,Anderson,2023,10K-100K,1.13,5.0,10.13
TX,Houston,48003,TX,Andrews,2023,<1K,451.88,486.77,1363.28
TX,Houston,48005,TX,Angelina,2023,10K-100K,1.0,12.8,53.33
TX,Houston,48009,TX,Archer,2023,<1K,1496.08,2057.9,3165.12
TX,Houston,48011,TX,Armstrong,2023,<1K,1128.18,1360.3,2200.53
TX,Houston,48013,TX,Atascosa,2023,1K-10K,329.85,938.03,1662.82
TX,Houston,48015,TX,Austin,2023,1K-10K,375.0,1095.02,1628.53
TX,Houston,48021,TX,Bastrop,2023,1K-10K,117.08,144.12,667.37
TX,Houston,48025,TX,Bee,2023,<1K,389.78,1038.53,1853.2
TX,Houston,48027,TX,Bell,2023,1K-10K,118.38,209.05,1149.07
TX,Houston,48029,TX,Bexar,2023,1K-10K,283.87,873.7,1656.93
TX,Houston,48031,TX,Blanco,2023,<1K,399.2,1240.0,2875.0
TX,Houston,48035,TX,Bosque,2023,<1K,149.98,225.02,755.57
TX,Houston,48037,TX,Bowie,2023,1K-10K,174.67,284.67,1139.73
TX,Houston,48039,TX,Brazoria,2023,<1K,191.82,875.1,2105.42
TX,Houston,48041,TX,Brazos,2023,1K-10K,39.03,45.0,262.75
TX,Houston,48047,TX,Brooks,2023,<1K,1000.5,1300.33,2357.78
TX,Houston,48049,TX,Brown,2023,<1K,221.62,859.78,1590.0
TX,Houston,48051,TX,Burleson,2023,1K-10K,73.0,86.05,244.3
TX,Houston,48053,TX,Burnet,2023,<1K,428.42,1252.63,2685.0
TX,Houston,48055,TX,Caldwell,2023,1K-10K,181.85,495.02,1412.53
TX,Houston,48059,TX,Callahan,2023,1K-10K,251.37,398.1,1370.15
TX,Houston,48061,TX,Cameron,2023,<1K,1215.02,1631.35,4177.1
TX,Houston,48063,TX,Camp,2023,<1K,254.98,728.57,1495.0
TX,Houston,48065,TX,Carson,2023,<1K,1292.18,1754.9,3327.43
TX,Houston,48067,TX,Cass,2023,1K-10K,130.25,162.12,660.88
TX,Houston,48071,TX,Chambers,2023,1K-10K,361.68,1012.02,2112.6
TX,Houston,48073,TX,Cherokee,2023,1K-10K,6.2,38.47,474.4
TX,Houston,48075,TX,Childress,2023,<1K,716.07,1230.0,1815.07
TX,Houston,48077,TX,Clay,2023,<1K,377.05,1000.2,1693.4
TX,Houston,48081,TX,Coke,2023,<1K,355.2,1069.07,1638.93
TX,Houston,48083,TX,Coleman,2023,<1K,255.0,725.9,1560.0
TX,Houston,48085,TX,Collin,2023,1K-10K,568.13,1333.73,2648.02
TX,Houston,48089,TX,Colorado,2023,1K-10K,555.02,1200.85,1905.0
TX,Houston,48091,TX,Comal,2023,1K-10K,240.17,619.18,1516.77
TX,Houston,48093,TX,Comanche,2023,1K-10K,183.47,225.02,769.9
TX,Houston,48095,TX,Concho,2023,<1K,374.08,1285.88,2675.32
TX,Houston,48097,TX,Cooke,2023,1K-10K,262.05,861.7,1669.6
TX,Houston,48099,TX,Coryell,2023,1K-10K,127.08,172.12,865.0
TX,Houston,48103,TX,Crane,2023,<1K,1097.87,1436.52,2537.62
TX,Houston,48105,TX,Crockett,2023,<1K,1002.5,1350.67,2250.0
TX,Houston,48109,TX,Culberson,2023,<1K,1290.17,1523.25,2633.67
TX,Houston,48111,TX,Dallam,2023,<1K,1342.68,1758.07,2535.1
TX,Houston,48113,TX,Dallas,2023,1K-10K,138.72,348.72,1248.47
TX,Houston,48115,TX,Dawson,2023,<1K,504.92,1276.32,2746.7
TX,Houston,48117,TX,Deaf Smith,2023,<1K,1290.27,1580.15,2901.37
TX,Houston,48119,TX,Delta,2023,<1K,170.0,225.0,1054.4
TX,Houston,48121,TX,Denton,2023,1K-10K,284.43,981.53,1836.67
TX,Houston,48123,TX,DeWitt,2023,<1K,319.38,1020.0,2205.0
TX,Houston,48129,TX,Donley,2023,<1K,1095.45,1420.17,2520.07
TX,Houston,48131,TX,Duval,2023,<1K,1002.3,1325.42,2393.87
TX,Houston,48133,TX,Eastland,2023,1K-10K,232.33,359.37,1360.43
TX,Houston,48135,TX,Ector,2023,<1K,498.93,1312.28,2214.33
TX,Houston,48139,TX,Ellis,2023,10K-100K,103.37,134.9,877.18
TX,Houston,48141,TX,El Paso,2023,<1K,1416.53,1712.37,2802.18
TX,Houston,48143,TX,Erath,2023,1K-10K,260.45,843.58,1516.5
TX,Houston,48145,TX,Falls,2023,1K-10K,66.03,78.2,370.28
TX,Houston,48147,TX,Fannin,2023,<1K,464.43,1363.28,2780.22
TX,Houston,48149,TX,Fayette,2023,1K-10K,375.0,1095.98,1674.37
TX,Houston,48151,TX,Fisher,2023,<1K,523.57,1738.53,2865.83
TX,Houston,48157,TX,Fort Bend,2023,1K-10K,205.27,665.77,1473.92
TX,Houston,48159,TX,Franklin,2023,1K-10K,514.07,1414.92,2701.22
TX,Houston,48161,TX,Freestone,2023,10K-100K,37.03,45.02,207.73
TX,Houston,48163,TX,Frio,2023,<1K,332.52,868.17,1574.78
TX,Houston,48167,TX,Galveston,2023,<1K,223.53,753.4,2078.53
TX,Houston,48169,TX,Garza,2023,<1K,482.98,1160.62,2388.78
TX,Houston,48171,TX,Gillespie,2023,<1K,721.62,1341.18,2670.02
TX,Houston,48173,TX,Glasscock,2023,<1K,409.13,1238.08,1670.0
TX,Houston,48175,TX,Goliad,2023,<1K,366.6,1008.35,1952.98
TX,Houston,48177,TX,Gonzales,2023,1K-10K,505.0,1192.5,1968.8
TX,Houston,48181,TX,Grayson,2023,1K-10K,508.7,1335.0,2657.9
TX,Houston,48183,TX,Gregg,2023,1K-10K,203.08,750.0,1470.1
TX,Houston,48185,TX,Grimes,2023,1K-10K,87.17,331.32,1186.48
TX,Houston,48187,TX,Guadalupe,2023,1K-10K,268.8,860.85,1569.5
TX,Houston,48191,TX,Hall,2023,<1K,1026.47,1279.15,2053.52
TX,Houston,48193,TX,Hamilton,2023,1K-10K,162.25,194.98,818.0
TX,Houston,48197,TX,Hardeman,2023,<1K,507.28,1128.05,1688.3
TX,Houston,48199,TX,Hardin,2023,1K-10K,85.0,95.0,472.3
TX,Houston,48201,TX,Harris,2023,10K-100K,83.33,169.08,551.37
TX,Houston,48203,TX,Harrison,2023,1K-10K,95.9,209.13,1083.48
TX,Houston,48209,TX,Hays,2023,1K-10K,202.9,570.97,1595.45
TX,Houston,48213,TX,Henderson,2023,10K-100K,45.1,50.0,86.87
TX,Houston,48215,TX,Hidalgo,2023,<1K,1076.63,1319.98,2335.42
TX,Houston,48217,TX,Hill,2023,1K-10K,419.52,1079.73,1984.7
TX,Houston,48221,TX,Hood,2023,<1K,270.0,888.9,1665.0
TX,Houston,48223,TX,Hopkins,2023,1K-10K,147.1,841.08,1778.32
TX,Houston,48227,TX,Howard,2023,<1K,401.38,585.7,1623.0
TX,Houston,48229,TX,Hudspeth,2023,<1K,1347.58,1617.63,2613.27
TX,Houston,48231,TX,Hunt,2023,1K-10K,894.4,1475.6,2925.97
TX,Houston,48239,TX,Jackson,2023,<1K,490.02,1161.78,2679.27
TX,Houston,48241,TX,Jasper,2023,1K-10K,77.38,88.3,475.65
TX,Houston,48243,TX,Jeff Davis,2023,<1K,1276.58,1574.6,2658.07
TX,Houston,48245,TX,Jefferson,2023,1K-10K,120.0,190.0,1198.92
TX,Houston,48247,TX,Jim Hogg,2023,<1K,1195.65,1418.08,2495.08
TX,Houston,48249,TX,Jim Wells,2023,<1K,582.73,1313.37,2372.7
TX,Houston,48251,TX,Johnson,2023,1K-10K,183.07,780.62,1626.1
TX,Houston,48253,TX,Jones,2023,<1K,483.73,1541.92,2844.6
TX,Houston,48255,TX,Karnes,2023,<1K,295.45,906.05,1750.0
TX,Houston,48257,TX,Kaufman,2023,1K-10K,287.33,940.02,1554.27
TX,Houston,48259,TX,Kendall,2023,<1K,743.47,1285.38,2697.03
TX,Houston,48261,TX,Kenedy,2023,<1K,1147.5,1565.0,4136.9
TX,Houston,48265,TX,Kerr,2023,<1K,948.3,1387.55,2759.77
TX,Houston,48267,TX,Kimble,2023,<1K,905.7,1385.07,2468.1
TX,Houston,48273,TX,Kleberg,2023,<1K,960.13,1365.0,3036.72
TX,Houston,48277,TX,Lamar,2023,1K-10K,203.25,640.0,1500.7
TX,Houston,48281,TX,Lampasas,2023,<1K,183.28,825.0,2514.32
TX,Houston,48283,TX,La Salle,2023,<1K,368.15,947.13,1586.48
TX,Houston,48285,TX,Lavaca,2023,<1K,185.33,945.0,1638.18
TX,Houston,48287,TX,Lee,2023,1K-10K,96.1,111.87,393.95
TX,Houston,48289,TX,Leon,2023,10K-100K,1.0,6.63,27.02
TX,Houston,48291,TX,Liberty,2023,1K-10K,254.98,569.5,1252.88
TX,Houston,48293,TX,Limestone,2023,10K-100K,51.02,56.02,75.0
TX,Houston,48297,TX,Live Oak,2023,<1K,554.35,1287.82,2625.02
TX,Houston,48299,TX,Llano,2023,<1K,260.15,1170.5,4067.63
TX,Houston,48303,TX,Lubbock,2023,<1K,645.0,1379.28,2563.28
TX,Houston,48305,TX,Lynn,2023,<1K,504.98,1208.82,2421.42
TX,Houston,48307,TX,McCulloch,2023,<1K,255.0,416.95,1457.08
TX,Houston,48309,TX,McLennan,2023,10K-100K,89.03,106.05,405.02
TX,Houston,48311,TX,McMullen,2023,<1K,513.93,1289.0,2199.83
TX,Houston,48313,TX,Madison,2023,10K-100K,1.0,15.0,338.62
TX,Houston,48315,TX,Marion,2023,1K-10K,120.0,146.27,568.1
TX,Houston,48317,TX,Martin,2023,<1K,430.27,632.92,1680.0
TX,Houston,48321,TX,Matagorda,2023,<1K,226.15,710.0,3529.23
TX,Houston,48325,TX,Medina,2023,1K-10K,318.28,849.08,1579.53
TX,Houston,48327,TX,Menard,2023,<1K,340.7,1098.07,2168.6
TX,Houston,48329,TX,Midland,2023,<1K,438.58,899.98,1621.27
TX,Houston,48331,TX,Milam,2023,1K-10K,112.8,298.7,1240.0
TX,Houston,48333,TX,Mills,2023,<1K,185.22,366.87,1481.98
TX,Houston,48335,TX,Mitchell,2023,1K-10K,374.58,570.5,1524.4
TX,Houston,48337,TX,Montague,2023,<1K,358.47,982.43,1684.22
TX,Houston,48339,TX,Montgomery,2023,10K-100K,50.0,65.0,390.02
TX,Houston,48341,TX,Moore,2023,<1K,1256.98,1533.47,2633.33
TX,Houston,48343,TX,Morris,2023,1K-10K,675.0,1457.03,2715.0
TX,Houston,48347,TX,Nacogdoches,2023,10K-100K,12.5,21.47,210.0
TX,Houston,48349,TX,Navarro,2023,1K-10K,71.85,90.0,588.3
TX,Houston,48351,TX,Newton,2023,1K-10K,99.02,105.23,150.0
TX,Houston,48353,TX,Nolan,2023,1K-10K,347.52,630.02,1562.2
TX,Houston,48355,TX,Nueces,2023,<1K,920.62,1370.87,3229.63
TX,Houston,48359,TX,Oldham,2023,<1K,1253.07,1570.35,3124.02
TX,Houston,48361,TX,Orange,2023,1K-10K,137.08,427.63,1388.25
TX,Houston,48363,TX,Palo Pinto,2023,<1K,349.8,1216.32,2070.02
TX,Houston,48365,TX,Panola,2023,1K-10K,60.0,85.42,266.2
TX,Houston,48367,TX,Parker,2023,1K-10K,289.33,1193.85,1980.0
TX,Houston,48371,TX,Pecos,2023,<1K,1085.52,1455.92,2563.52
TX,Houston,48373,TX,Polk,2023,10K-100K,22.02,30.0,396.8
TX,Houston,48375,TX,Potter,2023,<1K,1190.88,1529.68,2752.95
TX,Houston,48379,TX,Rains,2023,<1K,112.57,135.25,981.07
TX,Houston,48381,TX,Randall,2023,<1K,1348.43,2320.18,3375.0
TX,Houston,48387,TX,Red River,2023,<1K,450.0,1153.68,2271.7
TX,Houston,48389,TX,Reeves,2023,<1K,1177.5,1455.07,2467.07
TX,Houston,48391,TX,Refugio,2023,<1K,495.0,1200.02,2782.8
TX,Houston,48395,TX,Robertson,2023,1K-10K,44.03,53.67,202.42
TX,Houston,48397,TX,Rockwall,2023,1K-10K,995.75,1495.7,2929.65
TX,Houston,48399,TX,Runnels,2023,<1K,288.67,971.53,1911.1
TX,Houston,48401,TX,Rusk,2023,1K-10K,44.1,58.15,214.33
TX,Houston,48403,TX,Sabine,2023,1K-10K,64.03,135.0,800.58
TX,Houston,48405,TX,San Augustine,2023,1K-10K,45.53,100.25,783.63
TX,Houston,48407,TX,San Jacinto,2023,1K-10K,256.42,555.0,1244.6
TX,Houston,48409,TX,San Patricio,2023,<1K,729.67,1300.0,2909.47
TX,Houston,48411,TX,San Saba,2023,<1K,217.32,291.93,1405.0
TX,Houston,48415,TX,Scurry,2023,<1K,430.75,1046.2,1944.77
TX,Houston,48419,TX,Shelby,2023,1K-10K,47.3,73.9,671.65
TX,Houston,48421,TX,Sherman,2023,<1K,1319.03,1760.3,3221.73
TX,Houston,48423,TX,Smith,2023,10K-100K,53.2,59.27,166.38
TX,Houston,48425,TX,Somervell,2023,<1K,285.0,1020.0,1636.07
TX,Houston,48431,TX,Sterling,2023,<1K,371.58,1155.02,1547.17
TX,Houston,48435,TX,Sutton,2023,<1K,648.17,1335.68,2226.83
TX,Houston,48439,TX,Tarrant,2023,1K-10K,205.0,882.23,1605.0
TX,Houston,48441,TX,Taylor,2023,1K-10K,284.23,486.58,1460.17
TX,Houston,48449,TX,Titus,2023,1K-10K,558.58,1364.43,2570.38
TX,Houston,48451,TX,Tom Green,2023,<1K,358.8,1199.32,2399.57
TX,Houston,48453,TX,Travis,2023,1K-10K,299.98,970.0,1839.73
TX,Houston,48455,TX,Trinity,2023,10K-100K,1.0,4.8,13.77
TX,Houston,48457,TX,Tyler,2023,1K-10K,44.0,48.13,61.02
TX,Houston,48459,TX,Upshur,2023,1K-10K,195.02,561.83,1359.35
TX,Houston,48467,TX,Van Zandt,2023,1K-10K,139.98,715.58,1479.33
TX,Houston,48469,TX,Victoria,2023,<1K,426.12,1200.05,2721.78
TX,Houston,48471,TX,Walker,2023,10K-100K,18.02,29.35,150.0
TX,Houston,48473,TX,Waller,2023,1K-10K,288.48,942.9,1493.25
TX,Houston,48475,TX,Ward,2023,<1K,960.0,1451.73,2709.12
TX,Houston,48477,TX,Washington,2023,1K-10K,212.72,885.0,1877.68
TX,Houston,48479,TX,Webb,2023,<1K,432.63,1046.3,1594.62
TX,Houston,48481,TX,Wharton,2023,1K-10K,267.68,1034.98,2347.95
TX,Houston,48483,TX,Wheeler,2023,<1K,1319.5,2256.28,4682.73
TX,Houston,48485,TX,Wichita,2023,<1K,530.5,1185.0,1996.13
TX,Houston,48487,TX,Wilbarger,2023,<1K,495.0,1155.0,1732.22
TX,Houston,48489,TX,Willacy,2023,<1K,1190.53,1603.32,4181.9
TX,Houston,48491,TX,Williamson,2023,1K-10K,195.0,770.62,1633.68
TX,Houston,48493,TX,Wilson,2023,<1K,361.52,1094.87,2403.07
TX,Houston,48497,TX,Wise,2023,<1K,267.33,895.53,1643.85
TX,Houston,48499,TX,Wood,2023,1K-10K,105.0,130.0,911.97
